date,open,high,low,close,volume
2001-10-31,0.407,0.4227,0.4019,0.411,0.0
2001-11-30,0.411,0.424,0.4087,0.4166,0.0
2001-12-31,0.4168,0.4214,0.4099,0.4162,0.0
2002-01-31,0.4164,0.4322,0.4132,0.4165,0.0
2002-02-28,0.4156,0.423,0.4141,0.4217,0.0
2002-03-29,0.4217,0.4427,0.4207,0.4402,0.0
2002-04-30,0.4414,0.4528,0.4321,0.4472,0.0
2002-05-31,0.4467,0.4843,0.443,0.4783,0.0
2002-06-28,0.4801,0.5009,0.4788,0.4864,0.0
2002-07-31,0.4866,0.4948,0.461,0.4645,0.0
2002-08-30,0.4642,0.4739,0.448,0.4674,0.0
2002-09-30,0.4685,0.476,0.4638,0.4693,0.0
2002-10-31,0.4691,0.4902,0.4605,0.4858,0.0
2002-11-29,0.4855,0.5043,0.4852,0.4979,0.0
2002-12-31,0.4992,0.5273,0.4968,0.5242,0.0
2003-01-31,0.5234,0.5542,0.5212,0.5452,0.0
2003-02-28,0.5423,0.5678,0.5404,0.5602,0.0
2003-03-31,0.5581,0.5677,0.541,0.5553,0.0
2003-04-30,0.555,0.5619,0.5319,0.5617,0.0
2003-05-30,0.5612,0.5884,0.5594,0.5769,0.0
2003-06-30,0.5748,0.5885,0.5708,0.5867,0.0
2003-07-31,0.5866,0.6021,0.5695,0.5825,0.0
2003-08-29,0.5825,0.5911,0.5635,0.578,0.0
2003-09-30,0.5779,0.6003,0.5638,0.5969,0.0
2003-10-31,0.5968,0.6165,0.5903,0.6133,0.0
2003-11-28,0.613,0.647,0.6054,0.6391,0.0
2003-12-31,0.6404,0.6564,0.6345,0.6548,0.0
2004-01-30,0.6549,0.6868,0.6512,0.6736,0.0
2004-02-27,0.6728,0.7097,0.6702,0.6868,0.0
2004-03-31,0.6862,0.6948,0.6339,0.6683,0.0
2004-04-30,0.6684,0.6702,0.614,0.6255,0.0
2004-05-31,0.6255,0.6381,0.591,0.6318,0.0
2004-06-30,0.632,0.6436,0.6151,0.6359,0.0
2004-07-30,0.6359,0.6622,0.6233,0.6367,0.0
2004-08-31,0.6376,0.6746,0.6359,0.6551,0.0
2004-09-30,0.6551,0.678,0.6409,0.6776,0.0
2004-10-29,0.6776,0.7054,0.6671,0.6837,0.0
2004-11-30,0.6862,0.7205,0.6812,0.714,0.0
2004-12-31,0.714,0.7274,0.6965,0.7176,0.0
2005-01-31,0.7178,0.7191,0.6902,0.7103,0.0
2005-02-28,0.7103,0.7303,0.6953,0.7263,0.0
2005-03-31,0.7263,0.7463,0.7037,0.7115,0.0
2005-04-29,0.7115,0.7348,0.7013,0.7312,0.0
2005-05-31,0.7301,0.7376,0.7031,0.7046,0.0
2005-06-30,0.7046,0.7189,0.6928,0.6971,0.0
2005-07-29,0.6974,0.6981,0.6682,0.6802,0.0
2005-08-31,0.6794,0.7108,0.6781,0.696,0.0
2005-09-30,0.6959,0.7119,0.6781,0.6919,0.0
2005-10-31,0.6928,0.7089,0.6883,0.7001,0.0
2005-11-30,0.7001,0.7071,0.6738,0.7027,0.0
2005-12-30,0.7028,0.7197,0.6701,0.6828,0.0
2006-01-31,0.6804,0.7,0.6756,0.6882,0.0
2006-02-28,0.6882,0.6917,0.6562,0.6617,0.0
2006-03-31,0.6616,0.6685,0.5992,0.6155,0.0
2006-04-28,0.6154,0.6387,0.6011,0.638,0.0
2006-05-31,0.638,0.6444,0.6142,0.6343,0.0
2006-06-30,0.6344,0.6365,0.5927,0.609,0.0
2006-07-31,0.6088,0.6283,0.6026,0.6181,0.0
2006-08-31,0.6183,0.6562,0.6153,0.6561,0.0
2006-09-29,0.656,0.672,0.6341,0.6533,0.0
2006-10-31,0.6529,0.6714,0.6486,0.6701,0.0
2006-11-30,0.6702,0.6859,0.6574,0.6841,0.0
2006-12-29,0.6841,0.7071,0.6815,0.7046,0.0
2007-01-31,0.7057,0.7096,0.6811,0.6909,0.0
2007-02-28,0.691,0.712,0.6767,0.701,0.0
2007-03-30,0.7015,0.7203,0.6719,0.7147,0.0
2007-04-30,0.7157,0.7491,0.7128,0.7405,0.0
2007-05-31,0.7404,0.7445,0.7237,0.7366,0.0
2007-06-29,0.7366,0.7739,0.7359,0.7725,0.0
2007-07-31,0.77224,0.81078,0.75528,0.76215,0.0
2007-08-31,0.76215,0.77146,0.66394,0.70149,0.0
2007-09-28,0.69969,0.75865,0.68235,0.7575,0.0
2007-10-31,0.76008,0.77848,0.7365,0.77304,0.0
2007-11-30,0.77295,0.78911,0.74351,0.76389,0.0
2007-12-31,0.76268,0.79369,0.75067,0.76557,0.0
2008-01-31,0.76816,0.79325,0.73827,0.78744,0.0
2008-02-29,0.78732,0.82136,0.77807,0.79853,0.0
2008-03-31,0.79975,0.8215,0.78442,0.78581,0.0
2008-04-30,0.7859,0.80329,0.77255,0.78202,0.0
2008-05-30,0.7818,0.79352,0.75362,0.78283,0.0
2008-06-30,0.78281,0.78908,0.74452,0.76203,0.0
2008-07-31,0.76198,0.77606,0.73102,0.73423,0.0
2008-08-29,0.73359,0.73364,0.68235,0.70047,0.0
2008-09-30,0.69989,0.70026,0.6436,0.66954,0.0
2008-10-31,0.67001,0.67872,0.53496,0.58125,0.0
2008-11-28,0.5842,0.61278,0.51878,0.54843,0.0
2008-12-31,0.54621,0.60801,0.52017,0.58752,0.0
2009-01-30,0.57764,0.60335,0.50465,0.50877,0.0
2009-02-27,0.50787,0.5445,0.49589,0.50043,0.0
2009-03-31,0.4991,0.58009,0.48916,0.55915,0.0
2009-04-30,0.5592,0.59787,0.54855,0.56491,0.0
2009-05-29,0.56465,0.64138,0.56256,0.6395,0.0
2009-06-30,0.64095,0.65898,0.61512,0.64564,0.0
2009-07-31,0.64536,0.66332,0.61941,0.66132,0.0
2009-08-31,0.65978,0.68958,0.65886,0.68475,0.0
2009-09-30,0.68475,0.7306,0.6683,0.72255,0.0
2009-10-30,0.72235,0.76346,0.7077,0.7176,0.0
2009-11-30,0.71397,0.75226,0.70222,0.7155,0.0
2009-12-31,0.7154,0.73175,0.69704,0.72309,0.0
2010-01-29,0.72341,0.74422,0.70059,0.70061,0.0
2010-02-26,0.70025,0.71504,0.68065,0.69786,0.0
2010-03-31,0.6986,0.7178,0.68507,0.71045,0.0
2010-04-30,0.71035,0.73249,0.69641,0.7264,0.0
2010-05-31,0.72907,0.73223,0.65598,0.68025,0.0
2010-06-30,0.68006,0.71591,0.65722,0.68435,0.0
2010-07-30,0.68444,0.73945,0.67938,0.72563,0.0
2010-08-31,0.72575,0.73551,0.69468,0.69891,0.0
2010-09-30,0.69826,0.74157,0.69756,0.7341,0.0
2010-10-29,0.73409,0.76663,0.73274,0.76604,0.0
2010-11-30,0.76565,0.79748,0.73963,0.74248,0.0
2010-12-31,0.74243,0.78123,0.73422,0.77824,0.0
2011-01-31,0.77568,0.77929,0.75241,0.77268,0.0
2011-02-28,0.77223,0.78238,0.74271,0.75221,0.0
2011-03-31,0.75218,0.7646,0.7114,0.76146,0.0
2011-04-29,0.76131,0.81073,0.75804,0.80921,0.0
2011-05-31,0.80887,0.82632,0.77547,0.8238,0.0
2011-06-30,0.8236,0.83177,0.79712,0.82895,0.0
2011-07-29,0.8281,0.8796,0.81096,0.87905,0.0
2011-08-31,0.88007,0.88422,0.79628,0.85406,0.0
2011-09-30,0.85398,0.85446,0.75968,0.75968,0.0
2011-10-31,0.76102,0.82415,0.7468,0.80648,0.0
2011-11-30,0.80654,0.81069,0.73695,0.78035,0.0
2011-12-30,0.77998,0.78781,0.74607,0.77688,0.0
2012-01-31,0.77456,0.83008,0.77406,0.82582,0.0
2012-02-29,0.82594,0.84705,0.82125,0.83408,0.0
2012-03-30,0.83383,0.8406,0.80579,0.81792,0.0
2012-04-30,0.82327,0.83179,0.80873,0.81838,0.0
2012-05-31,0.81814,0.81874,0.74565,0.75287,0.0
2012-06-29,0.75369,0.8041,0.74545,0.80062,0.0
2012-07-31,0.79999,0.81214,0.78073,0.80855,0.0
2012-08-31,0.80847,0.82233,0.7969,0.80257,0.0
2012-09-28,0.79974,0.83557,0.79141,0.82982,0.0
2012-10-31,0.82884,0.83365,0.81007,0.82242,0.0
2012-11-30,0.82219,0.83087,0.80521,0.81992,0.0
2012-12-31,0.82027,0.84756,0.81553,0.82814,0.0
2013-01-31,0.82721,0.84599,0.82129,0.83886,0.0
2013-02-28,0.83843,0.85334,0.82231,0.82472,0.0
2013-03-29,0.82403,0.83953,0.81613,0.83674,0.0
2013-04-30,0.8363,0.86753,0.83503,0.85619,0.0
2013-05-31,0.85602,0.85817,0.79381,0.79397,0.0
2013-06-28,0.79605,0.81359,0.76822,0.7738,0.0
2013-07-31,0.77134,0.81051,0.76866,0.7982,0.0
2013-08-30,0.7976,0.8162,0.77184,0.77221,0.0
2013-09-30,0.77614,0.84346,0.77357,0.83044,0.0
2013-10-31,0.82968,0.85427,0.81914,0.82607,0.0
2013-11-29,0.82603,0.84138,0.80835,0.81321,0.0
2013-12-31,0.81563,0.83336,0.81158,0.8222,0.0
2014-01-31,0.81933,0.84307,0.80613,0.80793,0.0
2014-02-28,0.81007,0.84243,0.80505,0.83868,0.0
2014-03-31,0.83578,0.86959,0.83421,0.86738,0.0
2014-04-30,0.86744,0.87447,0.85134,0.86154,0.0
2014-05-30,0.86151,0.87785,0.84511,0.84901,0.0
2014-06-30,0.84907,0.87929,0.84012,0.8757,0.0
2014-07-31,0.87566,0.88352,0.84622,0.84996,0.0
2014-08-29,0.84972,0.85338,0.83101,0.83682,0.0
2014-09-30,0.83477,0.83898,0.77068,0.78075,0.0
2014-10-31,0.78069,0.80338,0.7713,0.77924,0.0
2014-11-28,0.77699,0.79741,0.76594,0.78357,0.0
2014-12-31,0.78191,0.79103,0.76079,0.77933,0.0
2015-01-30,0.77545,0.78891,0.72146,0.72588,0.0
2015-02-27,0.72525,0.76126,0.71753,0.75605,0.0
2015-03-31,0.75542,0.76956,0.71869,0.74701,0.0
2015-04-30,0.74644,0.77434,0.73905,0.76139,0.0
2015-05-29,0.76194,0.76259,0.70804,0.70991,0.0
2015-06-30,0.70834,0.72314,0.67463,0.67631,0.0
2015-07-31,0.67655,0.68096,0.64974,0.65915,0.0
2015-08-31,0.66026,0.67073,0.62069,0.63381,0.0
2015-09-30,0.63372,0.64554,0.62355,0.63977,0.0
2015-10-30,0.63967,0.68962,0.63826,0.67723,0.0
2015-11-30,0.67397,0.67845,0.64276,0.65812,0.0
2015-12-31,0.65846,0.6882,0.65822,0.68249,0.0
2016-01-29,0.68273,0.68342,0.63461,0.64785,0.0
2016-02-29,0.64876,0.67736,0.64474,0.65885,0.0
2016-03-31,0.65881,0.69655,0.657,0.69073,0.0
2016-04-29,0.69036,0.70536,0.67584,0.6978,0.0
2016-05-31,0.69734,0.70529,0.66748,0.67611,0.0
2016-06-30,0.67586,0.7289,0.67542,0.71353,0.0
2016-07-29,0.71297,0.73243,0.69509,0.72054,0.0
2016-08-31,0.7196,0.73793,0.70862,0.72495,0.0
2016-09-30,0.72473,0.74847,0.72184,0.7281,0.0
2016-10-31,0.7273,0.731,0.7034,0.71489,0.0
2016-11-30,0.71477,0.74021,0.69704,0.70809,0.0
2016-12-30,0.70792,0.72383,0.68611,0.6916,0.0
2017-01-31,0.69271,0.73493,0.68842,0.73092,0.0
2017-02-28,0.731,0.73746,0.71291,0.71909,0.0
2017-03-31,0.719,0.71926,0.68894,0.69997,0.0
2017-04-28,0.69937,0.70523,0.68475,0.68588,0.0
2017-05-31,0.68548,0.71208,0.68173,0.70817,0.0
2017-06-30,0.70818,0.73457,0.70576,0.73294,0.0
2017-07-31,0.73259,0.75575,0.72013,0.7512,0.0
2017-08-31,0.75078,0.75232,0.713,0.71764,0.0
2017-09-29,0.71752,0.74332,0.71351,0.71939,0.0
2017-10-31,0.71953,0.72258,0.68172,0.68461,0.0
2017-11-30,0.6844,0.69796,0.67795,0.68319,0.0
2017-12-29,0.68314,0.71232,0.68159,0.70859,0.0
2018-01-31,0.71012,0.74332,0.70563,0.73647,0.0
2018-02-28,0.73599,0.74367,0.71753,0.72079,0.0
2018-03-30,0.72051,0.73538,0.71522,0.72305,0.0
2018-04-30,0.72327,0.73949,0.70327,0.70337,0.0
2018-05-31,0.70334,0.70525,0.685,0.6999,0.0
2018-06-29,0.7002,0.7061,0.67364,0.6777,0.0
2018-07-31,0.67931,0.6859,0.6688,0.6817,0.0
2018-08-31,0.682,0.6821,0.6544,0.662,0.0
2018-09-28,0.6617,0.67,0.65,0.6619,0.0
2018-10-31,0.66218,0.6629,0.6424,0.65164,0.0
2018-11-30,0.65171,0.68873,0.6514,0.68823,0.0
2018-12-31,0.69173,0.697,0.66918,0.6718,0.0
2019-01-31,0.67174,0.6939,0.65907,0.6918,0.0
2019-02-28,0.6919,0.6943,0.6719,0.68095,0.0
2019-03-29,0.68071,0.6939,0.6744,0.6806,0.0
2019-04-30,0.68115,0.6838,0.65804,0.66767,0.0
2019-05-31,0.6676,0.66798,0.6481,0.65351,0.0
2019-06-28,0.65295,0.6721,0.6487,0.67174,0.0
2019-07-31,0.67224,0.67908,0.65429,0.65632,0.0
2019-08-30,0.65598,0.65884,0.62834,0.63102,0.0
2019-09-30,0.63103,0.64508,0.62494,0.62647,0.0
2019-10-31,0.62648,0.6436,0.6204,0.64134,0.0
2019-11-29,0.64146,0.64659,0.63222,0.64219,0.0
2019-12-31,0.64325,0.67557,0.64244,0.67318,0.0
2020-01-31,0.6724,0.6739,0.6454,0.64634,0.0
2020-02-28,0.64705,0.6503,0.61916,0.62465,0.0
2020-03-31,0.62,0.64482,0.54694,0.59654,0.0
2020-04-30,0.59618,0.61759,0.58436,0.61275,0.0
2020-05-29,0.61267,0.62399,0.59211,0.62072,0.0
2020-06-30,0.61955,0.65848,0.61861,0.64559,0.0
2020-07-31,0.64536,0.67157,0.64406,0.6628,0.0
2020-08-31,0.66315,0.67635,0.6489,0.67347,0.0
2020-09-30,0.67424,0.67979,0.65118,0.66196,0.0
2020-10-30,0.66171,0.6724,0.65472,0.66127,0.0
2020-11-30,0.6612,0.70511,0.65894,0.70106,0.0
2020-12-31,0.70155,0.72412,0.70029,0.7183,0.0
2021-01-29,0.7192,0.73155,0.70965,0.71824,0.0
2021-02-26,0.71582,0.74646,0.71351,0.7233,0.0
2021-03-31,0.724,0.73071,0.69433,0.69824,0.0
2021-04-30,0.69832,0.72868,0.69454,0.71622,0.0
2021-05-31,0.71786,0.73158,0.71155,0.72732,0.0
2021-06-30,0.72708,0.72879,0.69231,0.69888,0.0
2021-07-30,0.69854,0.71054,0.68811,0.69761,0.0
2021-08-31,0.69655,0.70886,0.68056,0.70479,0.0
2021-09-30,0.70473,0.71702,0.68597,0.68977,0.0
2021-10-29,0.68986,0.72186,0.68768,0.71711,0.0
2021-11-30,0.71631,0.71979,0.67729,0.68238,0.0
2021-12-31,0.68193,0.68678,0.67018,0.68417,0.0
2022-01-31,0.6835,0.68905,0.65296,0.65764,0.0
2022-02-28,0.65759,0.68096,0.65661,0.67754,0.0
2022-03-31,0.67694,0.69985,0.67288,0.69323,0.0
2022-04-29,0.69343,0.70341,0.64517,0.64578,0.0
2022-05-31,0.647,0.65686,0.62169,0.65163,0.0
2022-06-30,0.65157,0.65763,0.61966,0.6244,0.0
2022-07-29,0.6245,0.63292,0.60607,0.62915,0.0
2022-08-31,0.62707,0.64686,0.61022,0.61204,0.0
2022-09-30,0.612,0.61615,0.55652,0.55958,0.0
2022-10-31,0.56009,0.58735,0.55122,0.58142,0.0
2022-11-30,0.5812,0.63131,0.57408,0.62971,0.0
2022-12-30,0.62999,0.65138,0.62308,0.63512,0.0
2023-01-31,0.635,0.65302,0.61915,0.64398,0.0
2023-02-28,0.64418,0.65381,0.61312,0.6185,0.0
2023-03-31,0.61832,0.6298,0.60846,0.6255,0.0
2023-04-28,0.6259,0.63716,0.61119,0.6182,0.0
2023-05-31,0.61763,0.63846,0.59853,0.60209,0.0
2023-06-30,0.60085,0.62478,0.59906,0.61379,0.0
2023-07-31,0.61248,0.64119,0.6121,0.62081,0.0
2023-08-31,0.62162,0.6222,0.58865,0.59663,0.0
2023-09-29,0.59693,0.60488,0.58594,0.59977,0.0
2023-10-31,0.60033,0.60557,0.57735,0.58248,0.0
2023-11-30,0.58251,0.62084,0.57891,0.61546,0.0
2023-12-29,0.61533,0.64023,0.60843,0.63188,0.0
2024-01-31,0.63346,0.63346,0.6062,0.61168,0.0
2024-02-29,0.6115,0.62181,0.60384,0.60869,0.0
2024-03-29,0.60832,0.62168,0.59568,0.59812,0.0
2024-04-30,0.59813,0.60828,0.58523,0.58867,0.0
2024-05-31,0.58862,0.61704,0.58745,0.61438,0.0
2024-06-28,0.61365,0.6222,0.60579,0.60913,0.0
2024-07-31,0.6101,0.61538,0.58579,0.59512,0.0
2024-08-30,0.59613,0.6299,0.58498,0.6249,0.0
2024-09-30,0.62469,0.63788,0.61065,0.635,0.0
2024-10-31,0.6352,0.6352,0.59401,0.59765,0.0
2024-11-29,0.59777,0.60377,0.57971,0.59143,0.0
2024-12-31,0.59135,0.59177,0.55879,0.56551,0.0
2025-01-31,0.56542,0.57236,0.55415,0.56376,0.0
2025-02-28,0.55869,0.57727,0.55164,0.55986,0.0
2025-03-31,0.56015,0.58312,0.55936,0.56784,0.0
2025-04-30,0.56781,0.60291,0.54855,0.59336,0.0
2025-05-30,0.59328,0.60318,0.58468,0.5965,0.0
2025-06-30,0.59639,0.6099,0.58832,0.60978,0.0
2025-07-31,0.60967,0.61205,0.58883,0.5889,0.0
2025-08-29,0.59092,0.59959,0.58001,0.58943,0.0
2025-09-30,0.58908,0.60072,0.57545,0.57938,0.0
2025-10-31,0.58085,0.58452,0.56828,0.57252,0.0
2025-11-28,0.5723,0.57438,0.55804,0.57343,0.0
2025-12-31,0.57275,0.58535,0.57111,0.57538,0.0
2026-01-30,0.57535,0.60928,0.57112,0.60208,0.0
2026-02-27,0.60145,0.60761,0.59283,0.59974,0.0
2026-03-31,0.59509,0.59948,0.5698,0.5746,0.0
2026-04-30,0.5748,0.593,0.56814,0.591,0.0
2026-05-29,0.5908,0.59943,0.5815,0.5988,0.0
2026-06-30,0.5972,0.59898,0.5626,0.5678,0.0
2026-07-31,0.56817,0.5896,0.56578,0.58755,0.0
2026-08-31,0.5901,0.5989,0.58215,0.59164,0.0
2026-09-30,0.5917,0.593,0.5648,0.56658,0.0
