entry,exit,gross,net,block
1999-12-30,2000-01-05,-0.045280960174577056,-0.045680960174577054,pre
2000-01-28,2000-02-03,0.053797468354430444,0.05339746835443045,pre
2000-02-28,2000-03-03,0.0367295967090282,0.0363295967090282,pre
2000-03-30,2000-04-05,0.003362700921380135,0.002962700921380135,pre
2000-04-27,2000-05-03,-0.03595890410958902,-0.036358904109589016,pre
2000-05-30,2000-06-05,0.03249122807017546,0.03209122807017546,pre
2000-06-29,2000-07-06,0.01081905818711415,0.01041905818711415,pre
2000-07-28,2000-08-03,0.02315433879935247,0.02275433879935247,pre
2000-08-30,2000-09-06,-0.005188239989357468,-0.005588239989357468,pre
2000-09-28,2000-10-04,-0.009034482758620732,-0.009434482758620731,pre
2000-10-30,2000-11-03,0.016010816195830113,0.015610816195830114,pre
2000-11-29,2000-12-05,0.03207434052757785,0.03167434052757785,pre
2000-12-28,2001-01-04,-0.0014208794495961241,-0.001820879449596124,pre
2001-01-30,2001-02-05,-0.014586357039187314,-0.014986357039187314,pre
2001-02-27,2001-03-05,-0.013445112306232243,-0.013845112306232242,pre
2001-03-29,2001-04-04,-0.04009352268791144,-0.04049352268791144,pre
2001-04-27,2001-05-03,-0.004531722054380682,-0.004931722054380683,pre
2001-05-30,2001-06-05,0.027932960893854775,0.027532960893854774,pre
2001-06-28,2001-07-05,-0.0038477282030290327,-0.004247728203029033,pre
2001-07-30,2001-08-03,0.00901944559371115,0.008619445593711151,pre
2001-08-30,2001-09-06,-0.02250264737027885,-0.02290264737027885,pre
2001-09-27,2001-10-03,0.04967243570939672,0.049272435709396725,pre
2001-10-30,2001-11-05,0.04257724189902046,0.04217724189902046,pre
2001-11-29,2001-12-05,0.02202489771045535,0.021624897710455348,pre
2001-12-28,2002-01-04,0.013965517241379288,0.013565517241379289,pre
2002-01-30,2002-02-05,-0.024135156878519748,-0.02453515687851975,pre
2002-02-27,2002-03-05,0.03340797133900564,0.03300797133900564,pre
2002-03-27,2002-04-03,-0.012481452387186787,-0.012881452387186786,pre
2002-04-29,2002-05-03,0.006737787759685476,0.006337787759685476,pre
2002-05-30,2002-06-05,-0.012990654205607521,-0.01339065420560752,pre
2002-06-27,2002-07-03,-0.039424720909182365,-0.03982472090918236,pre
2002-07-30,2002-08-05,-0.07884319331427314,-0.07924319331427314,pre
2002-08-29,2002-09-05,-0.036466247015411346,-0.036866247015411344,pre
2002-09-27,2002-10-03,-0.005317220543806567,-0.005717220543806567,pre
2002-10-30,2002-11-05,0.027060270602705883,0.02666027060270588,pre
2002-11-27,2002-12-04,-0.019410267288926586,-0.019810267288926587,pre
2002-12-30,2003-01-06,0.055044830325729155,0.05464483032572916,pre
2003-01-30,2003-02-05,0.004974535117848955,0.004574535117848955,pre
2003-02-27,2003-03-05,-0.010552525492055986,-0.010952525492055986,pre
2003-03-28,2003-04-03,0.01141736823895756,0.01101736823895756,pre
2003-04-29,2003-05-05,0.013509096851508806,0.013109096851508807,pre
2003-05-29,2003-06-04,0.039195137287780346,0.03879513728778035,pre
2003-06-27,2003-07-03,0.011058775343026905,0.010658775343026906,pre
2003-07-30,2003-08-05,-0.027632109721661857,-0.028032109721661858,pre
2003-08-28,2003-09-04,0.026300119094878838,0.025900119094878837,pre
2003-09-29,2003-10-03,0.02437332804914294,0.02397332804914294,pre
2003-10-30,2003-11-05,0.004174573055028441,0.003774573055028441,pre
2003-11-26,2003-12-03,0.00742690608254204,0.0070269060825420395,pre
2003-12-30,2004-01-06,0.01232236013671506,0.011922360136715061,pre
2004-01-29,2004-02-04,-0.005551639055340285,-0.005951639055340285,pre
2004-02-26,2004-03-03,0.006525143553158141,0.006125143553158141,pre
2004-03-30,2004-04-05,0.020359387447995037,0.019959387447995035,pre
2004-04-29,2004-05-05,0.008495037109899073,0.008095037109899074,pre
2004-05-27,2004-06-03,-0.0069106051209355535,-0.007310605120935554,pre
2004-06-29,2004-07-06,-0.0178195224719101,-0.0182195224719101,pre
2004-07-29,2004-08-04,-0.0033462964637784864,-0.0037462964637784866,pre
2004-08-30,2004-09-03,0.014385234777888334,0.013985234777888335,pre
2004-09-29,2004-10-05,0.018419170243204608,0.018019170243204607,pre
2004-10-28,2004-11-03,0.015544956721427416,0.015144956721427417,pre
2004-11-29,2004-12-03,0.012223071046600475,0.011823071046600476,pre
2004-12-30,2005-01-05,-0.02575745067283075,-0.02615745067283075,pre
2005-01-28,2005-02-03,0.01302903857617288,0.01262903857617288,pre
2005-02-25,2005-03-03,-0.0017293914189245863,-0.0021293914189245864,pre
2005-03-30,2005-04-05,8.461668641057685e-05,-0.00031538331358942317,pre
2005-04-28,2005-05-04,0.028896672504378218,0.028496672504378217,pre
2005-05-27,2005-06-03,-0.0008316008316008316,-0.0012316008316008316,pre
2005-06-29,2005-07-06,-0.0029208044730033578,-0.003320804473003358,pre
2005-07-28,2005-08-03,0.0012041422493378473,0.0008041422493378473,pre
2005-08-30,2005-09-06,0.021891780256092508,0.021491780256092507,pre
2005-09-29,2005-10-05,-0.02470242947986301,-0.02510242947986301,pre
2005-10-28,2005-11-03,0.020617696160267096,0.020217696160267095,pre
2005-11-29,2005-12-05,0.003886113093821919,0.003486113093821919,pre
2005-12-29,2006-01-05,0.017493410016774513,0.017093410016774512,pre
2006-01-30,2006-02-03,-0.016895048271566515,-0.017295048271566516,pre
2006-02-27,2006-03-03,-0.005407075544569873,-0.005807075544569873,pre
2006-03-30,2006-04-05,0.009322033898304882,0.008922033898304883,pre
2006-04-27,2006-05-03,-0.0010684576051287475,-0.0014684576051287475,pre
2006-05-30,2006-06-05,0.00808881839809672,0.00768881839809672,pre
2006-06-29,2006-07-06,0.0013357429087765826,0.0009357429087765827,pre
2006-07-28,2006-08-03,0.003438037193311372,0.0030380371933113716,pre
2006-08-30,2006-09-06,-0.0011480177560080351,-0.001548017756008035,pre
2006-09-28,2006-10-04,0.009200388959533123,0.008800388959533124,pre
2006-10-30,2006-11-03,-0.009215586677309373,-0.009615586677309372,pre
2006-11-29,2006-12-05,0.01018010963195004,0.009780109631950041,pre
2006-12-28,2007-01-05,-0.011743196680964907,-0.012143196680964906,pre
2007-01-30,2007-02-05,0.014426780586875854,0.014026780586875854,pre
2007-02-27,2007-03-05,-0.015412186379928361,-0.015812186379928362,pre
2007-03-29,2007-04-04,0.013242234274846831,0.012842234274846832,pre
2007-04-27,2007-05-03,0.005483849394770202,0.005083849394770201,pre
2007-05-30,2007-06-05,6.515506906445978e-05,-0.00033484493093554024,pre
2007-06-28,2007-07-05,0.011969676818726072,0.011569676818726072,pre
2007-07-30,2007-08-03,-0.024290948568326698,-0.0246909485683267,pre
2007-08-30,2007-09-06,0.013547724940129902,0.013147724940129902,pre
2007-09-27,2007-10-03,0.004507152655300883,0.004107152655300883,pre
2007-10-30,2007-11-05,-0.019665490657258533,-0.020065490657258534,pre
2007-11-29,2007-12-05,0.01107487430357379,0.01067487430357379,pre
2007-12-28,2008-01-04,-0.04066530889341491,-0.041065308893414906,pre
2008-01-30,2008-02-05,-0.005781632199243991,-0.006181632199243991,pre
2008-02-28,2008-03-05,-0.022210857017607943,-0.022610857017607944,pre
2008-03-28,2008-04-03,0.04205003421793019,0.04165003421793019,pre
2008-04-29,2008-05-05,0.012582686223756134,0.012182686223756135,pre
2008-05-29,2008-06-04,-0.014142857142857124,-0.014542857142857123,pre
2008-06-27,2008-07-03,-0.009566376538853616,-0.009966376538853615,pre
2008-07-30,2008-08-05,-0.0013226484089317037,-0.0017226484089317036,pre
2008-08-28,2008-09-04,-0.047315462017051946,-0.04771546201705194,pre
2008-09-29,2008-10-03,-0.009337403483569706,-0.009737403483569705,pre
2008-10-30,2008-11-05,-0.001142263759086215,-0.001542263759086215,pre
2008-11-26,2008-12-03,-0.01854557716084082,-0.01894557716084082,pre
2008-12-30,2009-01-06,0.050578846802292965,0.05017884680229297,pre
2009-01-29,2009-02-04,-0.014429331756357189,-0.014829331756357188,post
2009-02-26,2009-03-04,-0.0514414176143877,-0.051841417614387694,post
2009-03-30,2009-04-03,0.06942505394085541,0.06902505394085541,post
2009-04-29,2009-05-05,0.036388602814967363,0.035988602814967366,post
2009-05-28,2009-06-03,0.030026396832380176,0.029626396832380174,post
2009-06-29,2009-07-06,-0.031283710895361416,-0.031683710895361414,post
2009-07-30,2009-08-05,0.017634539373669655,0.017234539373669654,post
2009-08-28,2009-09-03,-0.026407428903075902,-0.026807428903075903,post
2009-09-29,2009-10-05,-0.018679245283018897,-0.019079245283018898,post
2009-10-29,2009-11-04,-0.016221284575715034,-0.016621284575715035,post
2009-11-27,2009-12-03,0.008404896765941805,0.008004896765941806,post
2009-12-30,2010-01-06,0.010575897618201102,0.010175897618201103,post
2010-01-28,2010-02-03,0.011605415860735047,0.011205415860735047,post
2010-02-25,2010-03-03,0.014728472033974871,0.014328472033974872,post
2010-03-30,2010-04-06,0.013969335604770095,0.013569335604770095,post
2010-04-29,2010-05-05,-0.03342710574218111,-0.033827105742181104,post
2010-05-27,2010-06-03,-0.00045142650776464066,-0.0008514265077646406,post
2010-06-29,2010-07-06,-0.01285865080126658,-0.01325865080126658,post
2010-07-29,2010-08-04,0.024299573850756984,0.023899573850756983,post
2010-08-30,2010-09-03,0.05298642104263607,0.05258642104263607,post
2010-09-29,2010-10-05,0.013715383943391446,0.013315383943391447,post
2010-10-28,2010-11-03,0.013091216216216228,0.012691216216216229,post
2010-11-29,2010-12-03,0.03130245048674052,0.030902450486740517,post
2010-12-30,2011-01-05,0.015272033089404946,0.014872033089404947,post
2011-01-28,2011-02-03,0.02395865956780452,0.023558659567804518,post
2011-02-25,2011-03-03,0.008614826569938616,0.008214826569938617,post
2011-03-30,2011-04-05,0.0035399563154328018,0.0031399563154328016,post
2011-04-28,2011-05-04,-0.00940415840129305,-0.00980415840129305,post
2011-05-27,2011-06-03,-0.02314433375777103,-0.02354433375777103,post
2011-06-29,2011-07-06,0.024862301101591155,0.024462301101591154,post
2011-07-28,2011-08-03,-0.03110121333128546,-0.03150121333128546,post
2011-08-30,2011-09-06,-0.038543721236029005,-0.038943721236029,post
2011-09-29,2011-10-05,-0.01404566996984058,-0.014445669969840579,post
2011-10-28,2011-11-03,-0.018273716951788477,-0.018673716951788478,post
2011-11-29,2011-12-05,0.05139525197834227,0.050995251978342274,post
2011-12-29,2012-01-05,0.015223596574690745,0.014823596574690746,post
2012-01-30,2012-02-03,0.024130318946486984,0.023730318946486983,post
2012-02-28,2012-03-05,-0.005888339633614459,-0.006288339633614459,post
2012-03-29,2012-04-04,-0.0026385224274404484,-0.0030385224274404486,post
2012-04-27,2012-05-03,-0.008120236484080001,-0.00852023648408,post
2012-05-30,2012-06-05,-0.020415907710989667,-0.020815907710989668,post
2012-06-28,2012-07-05,0.030122750207093985,0.029722750207093983,post
2012-07-30,2012-08-03,0.004831266224401443,0.004431266224401442,post
2012-08-30,2012-09-06,0.02334685742757503,0.02294685742757503,post
2012-09-27,2012-10-03,0.0031111725663717227,0.0027111725663717225,post
2012-10-26,2012-11-05,0.0035373187124159156,0.0031373187124159154,post
2012-11-29,2012-12-05,-0.004362510554461019,-0.004762510554461019,post
2012-12-28,2013-01-04,0.0452760122830822,0.0448760122830822,post
2013-01-30,2013-02-05,0.006530285866595653,0.006130285866595653,post
2013-02-27,2013-03-05,0.01566717135145801,0.01526717135145801,post
2013-03-27,2013-04-03,-0.0061463602023177355,-0.006546360202317736,post
2013-04-29,2013-05-03,0.012994350282485856,0.012594350282485857,post
2013-05-30,2013-06-05,-0.02749804016161128,-0.027898040161611282,post
2013-06-27,2013-07-03,0.0016141047926494512,0.0012141047926494512,post
2013-07-30,2013-08-05,0.012515570318524238,0.012115570318524239,post
2013-08-29,2013-09-05,0.010903331912042624,0.010503331912042625,post
2013-09-27,2013-10-03,-0.007637203244331259,-0.008037203244331258,post
2013-10-30,2013-11-05,-0.0001134494299165345,-0.0005134494299165345,post
2013-11-27,2013-12-04,-0.0076744699646643655,-0.008074469964664365,post
2013-12-30,2014-01-06,-0.007942552497007815,-0.008342552497007815,post
2014-01-30,2014-02-05,-0.022652457735870102,-0.023052457735870103,post
2014-02-27,2014-03-05,0.010386395436443818,0.009986395436443819,post
2014-03-28,2014-04-03,0.016928136287670315,0.016528136287670313,post
2014-04-29,2014-05-05,0.003568575233022564,0.0031685752330225638,post
2014-05-29,2014-06-04,0.004262618911472726,0.0038626189114727262,post
2014-06-27,2014-07-03,0.012154018997038163,0.011754018997038164,post
2014-07-30,2014-08-05,-0.02523098791755507,-0.02563098791755507,post
2014-08-28,2014-09-04,0.0003497551713802505,-5.0244828619749546e-05,post
2014-09-29,2014-10-03,-0.005163511187607495,-0.005563511187607495,post
2014-10-30,2014-11-05,0.014846022670277792,0.014446022670277793,post
2014-11-26,2014-12-03,0.0012040069350800486,0.0008040069350800487,post
2014-12-30,2015-01-06,-0.03747591522158,-0.03787591522158,post
2015-01-29,2015-02-04,0.010248032080796055,0.009848032080796055,post
2015-02-26,2015-03-04,-0.0054404390197748675,-0.005840439019774868,post
2015-03-30,2015-04-06,-0.002016806722689002,-0.002416806722689002,post
2015-04-29,2015-05-05,-0.007930854347722782,-0.008330854347722782,post
2015-05-28,2015-06-03,-0.002541654899745893,-0.0029416548997458934,post
2015-06-29,2015-07-06,0.0063284977120048325,0.005928497712004832,post
2015-07-30,2015-08-05,-0.0035575372355564072,-0.003957537235556407,post
2015-08-28,2015-09-03,-0.018717382577278174,-0.019117382577278175,post
2015-09-29,2015-10-05,0.05501807357006161,0.05461807357006161,post
2015-10-29,2015-11-04,0.007326533544031122,0.006926533544031122,post
2015-11-27,2015-12-03,-0.0188490169879747,-0.0192490169879747,post
2015-12-30,2016-01-06,-0.03452629534307783,-0.034926295343077826,post
2016-01-28,2016-02-03,0.011580561577917647,0.011180561577917648,post
2016-02-26,2016-03-03,0.024040186580552625,0.023640186580552624,post
2016-03-30,2016-04-05,-0.008882632754101616,-0.009282632754101615,post
2016-04-28,2016-05-04,-0.011761870330200042,-0.012161870330200041,post
2016-05-27,2016-06-03,0.00019025875190248343,-0.0002097412480975166,post
2016-06-29,2016-07-06,0.01451659730959065,0.014116597309590652,post
2016-07-28,2016-08-03,-0.0027217788439359847,-0.003121778843935985,post
2016-08-30,2016-09-06,0.004724770642201781,0.004324770642201781,post
2016-09-29,2016-10-05,0.004425190981926619,0.004025190981926619,post
2016-10-28,2016-11-03,-0.0176907876164486,-0.0180907876164486,post
2016-11-29,2016-12-05,0.00040740573084052656,7.4057308405265396e-06,post
2016-12-29,2017-01-05,0.009137508357477175,0.008737508357477176,post
2017-01-30,2017-02-03,0.00786640298835417,0.007466402988354171,post
2017-02-27,2017-03-03,0.0055248618784529135,0.005124861878452913,post
2017-03-30,2017-04-05,-0.006390452410173886,-0.006790452410173886,post
2017-04-27,2017-05-03,-0.0005029337803855727,-0.0009029337803855726,post
2017-05-30,2017-06-05,0.01031055900621114,0.00991055900621114,post
2017-06-29,2017-07-06,-0.0033146882121399823,-0.0037146882121399825,post
2017-07-28,2017-08-03,0.00020250293629264782,-0.0001974970637073522,post
2017-08-30,2017-09-06,0.003617739116296148,0.003217739116296148,post
2017-09-28,2017-10-04,0.01122428599960057,0.01082428599960057,post
2017-10-30,2017-11-03,0.006621226874391484,0.0062212268743914835,post
2017-11-29,2017-12-05,0.0018271097407789316,0.0014271097407789317,post
2017-12-28,2018-01-04,0.013961996490835071,0.013561996490835072,post
2018-01-30,2018-02-05,-0.06328080636002265,-0.06368080636002264,post
2018-02-27,2018-03-05,-0.008162372918412708,-0.008562372918412707,post
2018-03-28,2018-04-04,0.014355540160874591,0.013955540160874592,post
2018-04-27,2018-05-03,-0.014780912364945942,-0.015180912364945941,post
2018-05-30,2018-06-05,0.009133927588863333,0.008733927588863334,post
2018-06-28,2018-07-05,0.008195208387168362,0.007795208387168362,post
2018-07-30,2018-08-03,0.013038042507590664,0.012638042507590664,post
2018-08-30,2018-09-06,-0.007371684464347217,-0.007771684464347217,post
2018-09-27,2018-10-03,0.003543293542949577,0.003143293542949577,post
2018-10-30,2018-11-05,0.020988161481868772,0.02058816148186877,post
2018-11-29,2018-12-06,-0.015110592014015767,-0.015510592014015766,post
2018-12-28,2019-01-04,0.01872855701311793,0.01832855701311793,post
2019-01-30,2019-02-05,0.02062934449510445,0.02022934449510445,post
2019-02-27,2019-03-05,-0.000644699140401217,-0.001044699140401217,post
2019-03-28,2019-04-03,0.020341277474974273,0.019941277474974272,post
2019-04-29,2019-05-03,0.0005444584340013048,0.00014445843400130476,post
2019-05-30,2019-06-05,0.014084507042253502,0.013684507042253503,post
2019-06-27,2019-07-03,0.025042881646655246,0.024642881646655245,post
2019-07-30,2019-08-05,-0.05619845703644599,-0.05659845703644599,post
2019-08-29,2019-09-05,0.017909631553763017,0.017509631553763016,post
2019-09-27,2019-10-03,-0.016858496953283564,-0.017258496953283565,post
2019-10-30,2019-11-05,0.009502202932859749,0.00910220293285975,post
2019-11-27,2019-12-04,-0.012742487637885214,-0.013142487637885213,post
2019-12-30,2020-01-06,0.007973090818487627,0.007573090818487627,post
2020-01-30,2020-02-05,0.01580810546875,0.01540810546875,post
2020-02-27,2020-03-04,0.051594904372962436,0.05119490437296244,post
2020-03-30,2020-04-03,-0.051442767055226324,-0.05184276705522632,post
2020-04-29,2020-05-05,-0.023941884656048518,-0.02434188465604852,post
2020-05-28,2020-06-03,0.0303990494108326,0.0299990494108326,post
2020-06-29,2020-07-06,0.04135190172764913,0.040951901727649134,post
2020-07-30,2020-08-05,0.025157426842820296,0.024757426842820295,post
2020-08-28,2020-09-03,-0.014804039021050874,-0.015204039021050874,post
2020-09-29,2020-10-05,0.022234257002737845,0.021834257002737844,post
2020-10-29,2020-11-04,0.04109339959997582,0.040693399599975824,post
2020-11-27,2020-12-03,0.008304231858553113,0.007904231858553113,post
2020-12-30,2021-01-06,0.004193661119922476,0.003793661119922476,post
2021-01-28,2021-02-03,0.011174959616556013,0.010774959616556013,post
2021-02-25,2021-03-03,-0.002380142808568464,-0.002780142808568464,post
2021-03-30,2021-04-06,0.028855166822891576,0.028455166822891575,post
2021-04-29,2021-05-05,-0.010260438984906917,-0.010660438984906916,post
2021-05-27,2021-06-03,-0.0012401917527249395,-0.0016401917527249395,post
2021-06-29,2021-07-06,0.01222819733458036,0.01182819733458036,post
2021-07-29,2021-08-04,-0.003789855894700933,-0.004189855894700933,post
2021-08-30,2021-09-03,0.0018795745527717678,0.0014795745527717678,post
2021-09-29,2021-10-05,-0.0031073771435147224,-0.0035073771435147226,post
2021-10-28,2021-11-03,0.013964042590330017,0.013564042590330018,post
2021-11-29,2021-12-03,-0.024063710718898013,-0.024463710718898014,post
2021-12-30,2022-01-05,-0.016339045698924748,-0.01673904569892475,post
2022-01-28,2022-02-03,0.010521552211788743,0.010121552211788743,post
2022-02-25,2022-03-03,-0.004660194174757382,-0.005060194174757382,post
2022-03-30,2022-04-05,-0.016721168519729712,-0.017121168519729713,post
2022-04-28,2022-05-04,0.002921857834085273,0.002521857834085273,post
2022-05-27,2022-06-03,-0.011366372874825337,-0.011766372874825336,post
2022-06-29,2022-07-06,0.007651049061366155,0.007251049061366155,post
2022-07-28,2022-08-03,0.020636836013495197,0.020236836013495196,post
2022-08-30,2022-09-06,-0.01870872152884151,-0.01910872152884151,post
2022-09-29,2022-10-05,0.03941674246809446,0.03901674246809446,post
2022-10-28,2022-11-03,-0.046295820266310184,-0.04669582026631018,post
2022-11-29,2022-12-05,0.01103155124863986,0.01063155124863986,post
2022-12-29,2023-01-05,-0.010588358022115552,-0.01098835802211555,post
2023-01-30,2023-02-03,0.02935669886916803,0.02895669886916803,post
2023-02-27,2023-03-03,0.016242174339375914,0.015842174339375913,post
2023-03-30,2023-04-05,0.009660639088432177,0.009260639088432178,post
2023-04-27,2023-05-03,-0.010644746732620503,-0.011044746732620502,post
2023-05-30,2023-06-05,0.016469132276643483,0.016069132276643482,post
2023-06-29,2023-07-06,0.0035379242655955156,0.0031379242655955155,post
2023-07-28,2023-08-03,-0.017683620765123087,-0.018083620765123088,post
2023-08-30,2023-09-06,-0.010620607081882838,-0.011020607081882837,post
2023-09-28,2023-10-04,-0.009007747596378124,-0.009407747596378123,post
2023-10-30,2023-11-03,0.045958757429197084,0.045558757429197086,post
2023-11-29,2023-12-05,0.004377378412265376,0.003977378412265376,post
2023-12-28,2024-01-04,-0.019740292433237605,-0.020140292433237606,post
2024-01-30,2024-02-05,0.0033816129886532487,0.0029816129886532485,holdout
2024-02-28,2024-03-05,0.001817248054359455,0.001417248054359455,holdout
2024-03-27,2024-04-03,-0.0071869564386336515,-0.007586956438633652,holdout
2024-04-29,2024-05-03,0.002411481002235094,0.002011481002235094,holdout
2024-05-30,2024-06-05,0.023076481506285607,0.022676481506285606,holdout
2024-06-27,2024-07-03,0.00931603126086733,0.00891603126086733,holdout
2024-07-30,2024-08-05,-0.04542435424354241,-0.045824354243542406,holdout
2024-08-29,2024-09-05,-0.015653264081669227,-0.016053264081669228,holdout
2024-09-27,2024-10-03,-0.0063870369398217886,-0.006787036939821789,holdout
2024-10-30,2024-11-05,-0.005706798158652382,-0.006106798158652382,holdout
2024-11-27,2024-12-04,0.014745420236127016,0.014345420236127017,holdout
2024-12-30,2025-01-06,0.012138315596205373,0.011738315596205374,holdout
2025-01-30,2025-02-05,-0.001355282295385285,-0.001755282295385285,holdout
2025-02-27,2025-03-05,-0.003401418682163926,-0.003801418682163926,holdout
2025-03-28,2025-04-03,-0.03412158514199315,-0.03452158514199315,holdout
2025-04-29,2025-05-05,0.016578871410015683,0.016178871410015682,holdout
2025-05-29,2025-06-04,0.009965257181594689,0.00956525718159469,holdout
2025-06-27,2025-07-03,0.016961831812785766,0.016561831812785765,holdout
2025-07-30,2025-08-05,-0.01022917126375189,-0.01062917126375189,holdout
2025-08-28,2025-09-04,0.0003082044011588625,-9.179559884113752e-05,holdout
2025-09-29,2025-10-03,0.008332328833172697,0.007932328833172698,holdout
2025-10-30,2025-11-05,-0.003309650942147302,-0.003709650942147302,holdout
2025-11-26,2025-12-03,0.006194091337099916,0.005794091337099916,holdout
2025-12-30,2026-01-06,0.00698679786320433,0.00658679786320433,holdout
2026-01-29,2026-02-04,-0.01131058728603529,-0.011710587286035289,holdout
2026-02-26,2026-03-04,-0.006049615552009224,-0.0064496155520092245,holdout
2026-03-30,2026-04-06,0.04266025286010389,0.04226025286010389,holdout
2026-04-29,2026-05-05,0.017130891818207372,0.01673089181820737,holdout
2026-05-28,2026-06-03,-0.00047707394646168133,-0.0008770739464616813,holdout
2026-06-29,2026-07-06,0.013873144399460191,0.013473144399460192,holdout
2026-07-30,2026-08-05,0.037886448516226245,0.03748644851622625,holdout
2026-08-28,2026-09-03,0.004965230389289532,0.004565230389289532,holdout
