date,net
2002-11,0.003062580219895098
2002-12,0.03910402314829756
2003-01,0.02824617400045081
2003-02,0.009855749739148413
2003-03,0.0034965678098447927
2003-04,0.015636958576192704
2003-05,0.03908743556445406
2003-06,0.0007992748972483056
2003-07,-0.02387297156962284
2003-08,-0.02059339951133997
2003-09,0.05927344762415527
2003-10,0.017389663379243716
2003-11,0.027694636916043062
2003-12,0.032737327059184806
2004-01,0.007958892817679685
2004-02,0.0008177256174418889
2004-03,0.0003987449422214606
2004-04,-0.054829096928335416
2004-05,0.013417490099472443
2004-06,0.0022443931892081855
2004-07,-0.008210456036079197
2004-08,0.01152728959291545
2004-09,0.021846537886677606
2004-10,0.032152136668420726
2004-11,0.0410354216415816
2004-12,0.005502047921108796
2005-01,-0.027951484401290885
2005-02,0.015565781154122086
2005-03,-0.017788277315617343
2005-04,-0.00335369912949513
2005-05,-0.047636219139602184
2005-06,-0.0038314810799904894
2005-07,0.0008885486428451901
2005-08,-0.00048277625660226247
2005-09,-0.003351287887765582
2005-10,-0.0011187240159187372
2005-11,0.021592200435006145
2005-12,0.003244424290054963
2006-01,-0.02412808692401096
2006-02,0.020549335909626952
2006-03,0.015157533065797006
2006-04,-0.04285491635087275
2006-05,-0.0051371051358748785
2006-06,0.005777432834104143
2006-07,-0.009588257058552445
2006-08,0.005113934325145565
2006-09,-0.012756642107971767
2006-10,-0.005380232898772942
2006-11,0.016151466190381096
2006-12,-0.019253745709409686
2007-01,-0.005349974833590681
2007-02,0.00502221447996999
2007-03,0.005642977674072528
2007-04,0.030821441849628255
2007-05,0.001070490709220548
2007-06,0.02188940217983743
2007-07,-0.002393086160391241
2007-08,-0.029249279423091898
2007-09,0.0648685962346092
2007-10,0.026338257191202374
2007-11,-0.006215212274578755
2007-12,-0.016607416799605347
2008-01,0.03132157269461812
2008-02,0.027215774084055646
2008-03,0.018263590274919785
2008-04,-0.012537031844191724
2008-05,-0.0005163571789617537
2008-06,0.0004877228341970317
2008-07,-0.0056154286329605
2008-08,-0.004894925802560576
2008-09,-0.002241300848771374
2008-10,0.0921145793948551
2008-11,0.024213942638108818
2008-12,-0.027383613825828036
2009-01,0.019694050998323945
2009-02,-0.0028345393107632754
2009-03,-0.021882883345128477
2009-04,-0.011802683715732235
2009-05,-0.03802366950429656
2009-06,0.003658580758923148
2009-07,-0.010036735700047447
2009-08,0.0015460648476467564
2009-09,-0.0009455502436223675
2009-10,-0.0003032404102189875
2009-11,0.011667731567426155
2009-12,-0.017942404805373416
2010-01,-0.01515532949723867
2010-02,-0.008591141147236513
2010-03,0.0023373119279075437
2010-04,-0.0026644588957561713
2010-05,-0.04340573674933511
2010-06,-0.012415262667916215
2010-07,0.01067731924533497
2010-08,-0.0004894718739116301
2010-09,0.013152388375183368
2010-10,0.007628878640431824
2010-11,-0.0032774887388245318
2010-12,0.02453420971007123
2011-01,-0.012190290344908723
2011-02,0.007250680970846193
2011-03,0.0015418711942909202
2011-04,0.03677965705354984
2011-05,-0.008767104150627788
2011-06,0.003195309239160924
2011-07,0.03248952147461461
2011-08,-0.015700153727800377
2011-09,-0.07016325279471368
2011-10,-0.018719937407700348
2011-11,-0.009150622422832466
2011-12,-0.007694422011566806
2012-01,-0.01444032224038827
2012-02,-0.01784287423323368
2012-03,-0.007589297212551259
2012-04,0.0030433558416731346
2012-05,0.033730084030076005
2012-06,-0.02199867102902026
2012-07,0.004560260028065136
2012-08,-0.006504291687995057
2012-09,-0.011176089845361246
2012-10,-0.002737435682627654
2012-11,0.003164093301344056
2012-12,0.007656651173100497
2013-01,0.008731182059688754
2013-02,-0.024902998410295883
2013-03,-0.0005231065450720556
2013-04,-0.0057340274875505685
2013-05,0.022836860668014648
2013-06,0.006343826316674633
2013-07,-0.0016796220389657076
2013-08,0.00579664984384593
2013-09,-0.020293298171146112
2013-10,-0.0009137844264751774
2013-11,0.010617979703895003
2013-12,0.014111269386987757
2014-01,0.0002452176917782594
2014-02,-0.003739437669920066
2014-03,-0.0013305466633160635
2014-04,0.0014202820652805218
2014-05,-0.01532184021096176
2014-06,0.006960825105440841
2014-07,-0.015127884863918873
2014-08,-0.010609182970022389
2014-09,-0.006471482330471421
2014-10,0.0050832866151289575
2014-11,0.025179629622301254
2014-12,0.02657716312184213
2015-01,0.04288877136836253
2015-02,-0.0045269223830393425
2015-03,0.027896018419020018
2015-04,-0.03817116404225514
2015-05,0.02853758980155962
2015-06,-0.005194915419098007
2015-07,0.024937226814993725
2015-08,0.004712735488481193
2015-09,0.004214873871334041
2015-10,-0.010028143088469905
2015-11,0.022201961609587213
2015-12,-0.00954974224619564
2016-01,0.019732705144148828
2016-02,-0.02388201531884555
2016-03,-0.04117617708981739
2016-04,0.0003663242974143902
2016-05,0.013043014252654384
2016-06,0.009070641256333695
2016-07,-9.87668986644397e-05
2016-08,-1.7474143130437396e-05
2016-09,0.0033050947190946694
2016-10,-0.00954310111237103
2016-11,-0.006961087887898334
2016-12,-0.007732141566495227
2017-01,-0.00363154959598309
2017-02,-0.0018259926955584468
2017-03,-0.008947440481735614
2017-04,-0.006717387616410167
2017-05,-0.018349348696855266
2017-06,0.005688483137940503
2017-07,0.003113026966351339
2017-08,-0.0016135376818577714
2017-09,-0.009172759431286497
2017-10,-0.013172363914551692
2017-11,0.002107429343498842
2017-12,0.008023731153961417
2018-01,0.0515110308209502
2018-02,-0.022700786150866348
2018-03,0.002512125037172553
2018-04,-0.029075221678400456
2018-05,-0.011791895116747933
2018-06,-0.005585812352958492
2018-07,-0.0063147820701494614
2018-08,0.008773046618486005
2018-09,0.005906192451009186
2018-10,0.02269457358773131
2018-11,-0.016619448950215734
2018-12,-0.005912825266462564
2019-01,-0.01967961489153837
2019-02,0.002468629499539836
2019-03,0.009654920845887104
2019-04,0.011815060795932942
2019-05,0.005854466983516581
2019-06,-0.029254615759343062
2019-07,0.021137461839693013
2019-08,0.017570849163948594
2019-09,-0.0019125031295852402
2019-10,-0.029722005846318556
2019-11,0.0016518299322607663
2019-12,-0.019648223625602264
2020-01,0.002516564825807379
2020-02,0.010397383488083006
2020-03,0.037087979215572296
2020-04,-0.01411957212730856
2020-05,-0.009194982536429403
2020-06,-0.012274158711603261
2020-07,-0.02843847209538634
2020-08,0.009248082020176625
2020-09,-0.022139213034751196
2020-10,0.0018729644323327455
2020-11,0.021742188909789656
2020-12,0.035322500487163254
2021-01,-0.013808289364867336
2021-02,-0.01068196571835321
2021-03,-0.03836401942884568
2021-04,0.02123711928385131
2021-05,0.020178338188151863
2021-06,-0.031262414642558474
2021-07,-0.003262181555900178
2021-08,-0.006395932571459941
2021-09,0.003666711358752913
2021-10,0.02609560388384473
2021-11,-0.027607727829336102
2021-12,-0.0018172269083870287
2022-01,0.01677790735575768
2022-02,-0.01000576475189797
2022-03,0.02010627954511885
2022-04,0.035048761321784035
2022-05,-0.015534039606524034
2022-06,0.03465532868190267
2022-07,-0.0010829427689835881
2022-08,0.03810545217710487
2022-09,0.05131884216699792
2022-10,-0.006666378179693549
2022-11,-0.06163928987694342
2022-12,-0.01312409526039779
2023-01,-0.015144746704249703
2023-02,0.020140615688574226
2023-03,-0.015469547675246902
2023-04,0.0034442783326045943
2023-05,0.0006930385576557525
2023-06,-0.008961568604687985
2023-07,0.002485501052374839
2023-08,0.00869056311154594
2023-09,-0.011840796855447174
2023-10,-0.009611010581374113
2023-11,0.010101307328818365
2023-12,-0.010382727032034635
2024-01,0.004250273652085801
2024-02,0.002629100914628962
2024-03,0.0008402456161309521
2024-04,0.01161322073990726
2024-05,-0.025280958688084738
2024-06,-0.0005794830615565628
2024-07,-0.01803790865659639
2024-08,-0.02704930239079529
2024-09,0.009782696608805607
2024-10,-0.04971548558698937
2024-11,-0.016173562623776602
2024-12,0.02997715319058717
2025-01,0.009064872902867427
2025-02,-0.00921015778809437
2025-03,-0.026630673984745015
2025-04,0.013898101370566084
2025-05,0.0010252432532073571
2025-06,0.007885929758392004
2025-07,-0.026309462414817224
2025-08,0.0018370199052276305
2025-09,0.00471574401234991
2025-10,0.001920842960445576
2025-11,0.002943772903485147
2025-12,0.015826319353883705
2026-01,0.034597766311437794
2026-02,0.00021748701566614073
2026-03,-0.03166124949566451
2026-04,0.02794075020725855
2026-05,-0.00741083041724106
2026-06,-0.011046829122849312
2026-07,-0.017947284900840063
2026-08,0.005173261020630157
2026-09,0.000657777049832913
