date,EURUSD,GBPUSD,USDJPY,AUDUSD,USDCAD,USDCHF,NZDUSD
2001-10,,,,,,,
2001-11,,,,,,,
2001-12,,,,,,,
2002-01,,,,,,,
2002-02,,,,,,,
2002-03,,,,,,,
2002-04,,,,,,,
2002-05,,,,,,,
2002-06,,,,,,,
2002-07,,,,,,,
2002-08,,,,,,,
2002-09,,,,,,,
2002-10,0.15927392324143574,0.1870314410853021,0.1401053192686291,0.1605671519520326,-0.20781664393349883,-0.16626880731309981,0.14852073211332265
2002-11,0.1610187653477595,0.19800610348989628,-0.14068977099692367,0.1706817309491156,-0.20932400275424803,-0.16615720574936285,0.14765586671817288
2002-12,0.14475822222301102,0.18781889512052077,-0.18807312020428943,0.18096839609423718,-0.21347415389691163,-0.13972995161553206,0.14047070250064392
2003-01,0.17491892831025052,0.22778366005828024,-0.20474308623224813,0.16652204081834607,-0.19412815965247332,-0.16791801867169473,0.14108710628464768
2003-02,0.17278528062627396,0.16761758191941747,-0.2042434287732973,0.16132609018885086,-0.18976849965903764,-0.16733931328479001,0.14193113992766632
2003-03,0.17519143800728382,0.16758028465023406,-0.20301423548121103,0.16189338265843198,-0.18925235661578532,-0.16441956131503913,0.13838621211314742
2003-04,0.17784472805165133,0.17021460112364656,-0.20995225944337528,0.15680376755252026,-0.18504448830995351,-0.1663550779514851,0.13801248294515445
2003-05,0.16378190202648812,0.16818462967935813,-0.23132759542370132,0.16270292413248535,-0.17042838848653083,-0.15966805465761152,0.16084538820823616
2003-06,0.17301375541144784,0.19855975307186366,0.28760638823496887,0.16410575677573203,-0.17005814098343736,-0.1531630040368436,0.16084432157137135
2003-07,0.16435862484875718,0.1844220187642689,0.2847287346041768,0.1666350395552057,-0.17565669894313604,-0.14963337279910469,0.21844768626742322
2003-08,0.15251932844928145,0.17684114318556984,-0.24052284185369813,0.16281678101756625,-0.17626164052690482,-0.14440422560873242,0.20477650936373099
2003-09,0.13261718506207595,0.14724706493396308,-0.21856907856018862,0.15726926447392398,-0.18650830661887577,-0.12665539223094227,0.20590317746738224
2003-10,0.12999885026295685,0.1462993147130758,-0.22289541923434775,0.15487546386946094,-0.18514385039459916,-0.12325223816242216,0.21004470713462867
2003-11,0.12819846538007182,0.1474362835781571,-0.2250086816151388,0.15625572465070345,-0.19093158959349169,-0.1203813681464438,0.19980537055154482
2003-12,0.13098040036399097,0.14637433108836997,-0.23753088876156744,0.15829486445848936,-0.1953061302187879,-0.1343707891997842,0.22696215420953386
2004-01,0.12825349410739273,0.14649884108359132,-0.24956796947673046,0.163240849282367,-0.17802052633432613,-0.13138492797535176,0.2392391184618026
2004-02,0.1280409219104118,0.1811953363929198,-0.20191171692458726,0.16470591669892692,-0.17591466417266052,-0.13110448370842678,0.2427753030504545
2004-03,0.12440774873913145,0.17288417875219822,-0.17780573044437875,0.1615348169321217,-0.17406491829462478,-0.1307942312950148,0.2056548636080671
2004-04,0.11930222486341481,0.14759992290355312,-0.13470492516225116,0.12160749401669867,-0.14624635008025946,-0.12666880263190475,0.1348030734710723
2004-05,0.13180500702228407,0.1458964807223869,-0.13530517954302665,0.12590396847702395,-0.16355982307054914,-0.13060196609929733,0.13704511970307032
2004-06,0.13641406191475708,0.14391306120520864,-0.1360133876587542,0.12457053020058473,-0.16077373150606578,-0.144314341732942,0.1376484839199775
2004-07,0.1398688457588581,0.15493155502532868,-0.13124038630947707,0.13396826906622367,-0.18860019160002203,-0.13938673858631978,0.13889155772205275
2004-08,0.14699063023563594,0.16232163947055397,-0.1345167329878518,0.13451897813993602,-0.18814385270062206,-0.14584132763653487,0.13826200966577615
2004-09,0.18146739308699036,0.1936252443795068,-0.14726443369017303,0.14641961249032667,-0.17637344553468218,-0.17587747168642995,0.137740285273478
2004-10,0.1782656116716788,0.19577980482856186,-0.13767036543390418,0.14960516125155013,-0.16924317126243443,-0.16875868260992372,0.1398433222204939
2004-11,0.176542288702717,0.17891589795856636,-0.13432158012861153,0.14614943305609215,-0.16589596936325424,-0.16294307125927004,0.1387511019860077
2004-12,0.20581643274537656,0.1941672792351223,-0.13600087455549123,0.15674559634735494,-0.1621073075119215,-0.17500838430763377,0.14043369769569883
2005-01,0.17564073055591023,0.1896581467439428,-0.1360056962296095,0.15763506993960388,-0.155352058584267,-0.15277918785120273,0.14208961686322033
2005-02,0.174386168259926,0.19226043925861022,-0.1436391141731951,0.15544061532474562,-0.15759406178432242,-0.1508973319959052,0.1413711154449033
2005-03,0.17132273205119436,0.18943505046112843,0.1565419872428173,0.15034557321940806,-0.15800600172300644,-0.14192971496888282,0.1443343240635446
2005-04,0.18513349852090258,0.22965105886262152,-0.20713732328979975,0.20979059820516446,-0.16755909227275123,-0.14864847061216224,0.21862180683114368
2005-05,0.15751808958074992,-0.18707586573911916,-0.1795638879695178,0.183674943799837,-0.16738075374685926,-0.1374602324902864,0.17387519678692082
2005-06,-0.15470332988467803,-0.18460745687193328,0.1738927878589819,0.19890865626905638,-0.1665574977787502,0.13340321994679624,0.1689197318153762
2005-07,0.15707514766572822,-0.18005220175106934,0.1789467158672806,0.1949415609152234,-0.1666026477265963,0.1374744254233766,0.15799647563246585
2005-08,0.15569088508990175,0.1703112246286266,0.180709164981924,0.1937951394562814,-0.16137361240853712,-0.1334326056843881,0.16050158010426396
2005-09,-0.15378957808327418,-0.1650286145444901,0.17287308842813107,0.21029788311822598,-0.17162277827720818,0.1293152465163167,0.1707879839195781
2005-10,-0.16506524929695013,-0.16766732363931355,0.1985536065772459,-0.217870574546125,-0.17792794715249713,0.14306778138012038,0.17016173464714535
2005-11,-0.19537903894498654,-0.19516018908954114,0.22289521056411626,-0.2531124803587868,-0.18409976124129152,0.17209075122686762,-0.20264504494118513
2005-12,-0.21186179184441553,-0.19801931448566706,0.2086043664002488,-0.26324950152127197,-0.18725848111795668,0.1718573094099342,-0.19034331192824802
2006-01,-0.20471411957155894,-0.1743971676462193,0.20203178519204545,-0.21563180092921685,-0.2108684700322753,0.1696093659941544,-0.18900267600593734
2006-02,-0.21191269225072,-0.18370722649545415,0.19228749462758019,-0.22320019084279288,-0.21031660858766285,0.1775274013081953,-0.18265100782476676
2006-03,-0.20296698144338757,-0.1849417606686194,0.19564925699550179,-0.20910925082478293,-0.19164080085241267,0.1803610763960206,-0.14320617840169328
2006-04,-0.16778547691397613,-0.14991640991100555,0.18238141056127452,-0.15078748458524507,-0.20462082407961987,0.14530095521708067,-0.13752535292034246
2006-05,0.19796177501964207,0.16758128632632968,0.19517076185760235,-0.16002929613388514,-0.20559042576620074,-0.16083834326628757,-0.14268456454446604
2006-06,0.20648631039417045,0.1688596552939112,0.19862498071018628,-0.159756330805044,-0.2008411117888246,-0.17098168994159338,-0.13604248176973532
2006-07,0.20564738287092052,0.17550265610169127,0.20157558580954202,0.15078515906285503,-0.19144467470040505,-0.17045111151839346,-0.13373746832966812
2006-08,0.21055445505468204,0.17890825348323555,0.20128819070684847,0.15071807751285055,-0.19542195208050547,-0.17920765944342212,-0.1149757990069346
2006-09,0.23025596741016577,0.18277228714697463,0.21206035880235788,-0.14632051104814617,-0.19483070168420663,-0.19481113782829668,-0.11498677985134488
2006-10,0.23202815373332666,0.18014228238784602,0.22326153807106694,0.13823030022769642,-0.20269871262975311,-0.19472498619772471,-0.11254465617226603
2006-11,0.223133062980998,0.18869237818068355,-0.25341227095462865,0.139131195789191,-0.19738214349964855,-0.1881435620065332,-0.1106794523642903
2006-12,0.2191056649557124,0.1886349488280369,0.23065077471247006,0.13982405991430152,0.188057958297373,-0.1790710236171849,0.11068490496006131
2007-01,0.2168689569325302,0.19769730773589225,0.22773591415469427,0.1429303439970572,0.1959743125418047,-0.17755748946142388,0.10915246389268328
2007-02,0.2368013554043856,0.20789419059068567,0.22188531421372584,0.14711114627210303,0.1948700942142835,-0.18815695786816647,0.11521492689929583
2007-03,0.2388535078483767,0.2156490641427379,0.22778374750266753,0.1613764463464995,-0.20651595845740253,-0.18806035584616082,0.1532355825549952
2007-04,0.28882306442669226,0.2807946605562616,0.27172041322642093,0.19726428764698717,-0.22017397991446716,-0.24590099294987727,0.15344225533376146
2007-05,0.2704004287199464,0.2844423088055325,0.2768715238003968,0.20155122178050475,-0.19420051341324204,0.2447248915149612,0.1536316404620251
2007-06,0.2720120819483269,0.2981027176344348,0.28072132229256186,0.20602344154677968,-0.19830018617079534,-0.24452124712676546,0.17997664786655979
2007-07,0.27354961441962006,0.2973643927283322,0.2130171003118876,0.21492569087090585,-0.20600024888898485,-0.2378026942861064,0.165711205169279
2007-08,0.26889950023001297,0.2989296677431779,-0.21085926933687144,0.17410532672115459,-0.21535178945753988,-0.23569127930265285,0.12109893052883665
2007-09,0.22247179901542963,0.3400575768848571,-0.21140186289677615,0.13278424524252663,-0.17040659004779965,-0.21417958201590362,0.10341584850032741
2007-10,0.22208284618874102,0.34630588209224383,-0.21198140868798007,0.12799803625643064,-0.1562315460302488,-0.2141655156528348,0.10373055859620099
2007-11,0.2489314573184669,0.39486830348011803,-0.18807522414569408,0.10880535799729149,-0.1256801404238684,-0.23536495319319925,0.10242428884707344
2007-12,0.24887312860692742,0.2708728618060881,-0.2080418435177568,0.10768396849031132,-0.13106390729450842,-0.2533513090877521,0.10360174249186394
2008-01,0.26888735038400013,0.27107482625169305,-0.18613425685548593,0.10958067302906949,-0.13237687213689267,-0.23335538003007575,0.10509074847913723
2008-02,0.2645818676191808,0.2712692636281555,-0.18321949896966436,0.10734777363398428,-0.13268146248504192,-0.21599572706780418,0.10509972489556986
2008-03,0.23445583519571236,0.2706180757539975,-0.17299259266259076,0.10480782863910733,-0.11977514037840427,-0.1961240947160244,0.10331064396590625
2008-04,0.21994577037111523,-0.2849694960112549,-0.14812896441240378,0.10397573802823011,-0.12376511804314613,-0.15336128483538378,0.10546869320362859
2008-05,0.2331108127112129,0.29076933811121125,-0.14948133266462096,0.1046233190092268,-0.12828650008086934,-0.15698182532573493,0.10577182869340548
2008-06,0.23425901059534476,-0.30414593399187734,-0.1515455120665772,0.10499124830009002,-0.12263553799623847,-0.1576940599612619,-0.1100358389217376
2008-07,0.21980684282469556,-0.316119865044214,-0.15252147710917513,0.10296656633607497,-0.12255237675998278,-0.14435384338575513,-0.10636687100238336
2008-08,0.149152674972671,-0.15496034175751583,-0.15344630421626,0.08717523695111153,0.11602225815497706,-0.1225621571049315,-0.12291372320057571
2008-09,-0.1503323522636311,-0.1595008428605182,-0.15007630055903406,-0.09084180958110057,0.13732944209383563,-0.12493300830788588,-0.166212543661373
2008-10,-0.10751967233204762,-0.12018356375606239,-0.12473556860812214,-0.07044213400722789,0.09371875047145431,0.11957417950870301,-0.09982614135615861
2008-11,-0.10876836554165348,-0.11850675285969132,-0.12623650144492532,-0.07119464161214732,0.09704171956448819,0.11404429051452551,-0.09761318175663002
2008-12,-0.08263465452255947,-0.11592832658620901,-0.12140910448484452,-0.06243354265676656,0.09455788175343494,-0.07974535000047946,-0.08180632450772193
2009-01,-0.07579665958440394,-0.11679096118623444,-0.1263205811633697,-0.05931843198875199,0.09483851644541644,0.07364556782143085,-0.07188917003168847
2009-02,-0.07714818467762533,-0.11947595494803798,-0.09637179967967595,-0.06135956534362682,0.09701658652450917,0.0760786021521952,-0.07405799850602021
2009-03,-0.07633247453200778,-0.11871633326573851,-0.09912279248717204,-0.05537415996587704,0.09527304666613366,0.07844243535034796,-0.05783657369044019
2009-04,-0.07619274009329646,-0.10848542044982633,-0.1045833088855054,-0.05449506036110984,0.08752111681049572,0.0795306541814549,-0.05740808327441915
2009-05,-0.06965473276548122,-0.080820253023809,-0.10355351330858649,-0.04945883891252245,0.07492267011643813,0.07352003100129986,-0.04861881249506443
2009-06,-0.07001391681135885,-0.08000353571791319,-0.10314117614751013,-0.049418766720634236,0.07199169756091262,0.0740244300837576,-0.04854289396192831
2009-07,-0.06953771953950379,-0.07896534516229883,-0.10474043821997989,-0.04879220848420692,0.06609005736911994,0.07399101922413427,-0.04847718086149312
2009-08,-0.07253236540584858,-0.08627616176791872,-0.10583658669007125,-0.05122422694224619,0.06688289078054198,-0.07689185255910011,-0.0486430974997498
2009-09,0.07395859818052901,-0.08643158029856593,-0.10449116302182217,0.05331607398391151,0.06638839639542825,-0.07711267021342694,0.048646938970119805
2009-10,0.09004346741875766,0.10462487048685386,-0.11783121080492838,0.0737927185204303,-0.09085689018984075,-0.07907858571076395,0.0568054275605301
2009-11,0.0905741119362962,0.11260037313239805,-0.11518706170361669,0.07620161168437854,-0.09271822305244463,-0.08412766039354587,0.05975123067533689
2009-12,0.10399460917663235,0.1251865235156669,0.10194795905081014,0.07826185038732188,-0.09267188404471924,-0.11132119330931334,0.061100659579216836
2010-01,0.13069924127856064,0.12379978376690305,0.09952626592267404,0.11019403597436396,-0.09204384978970458,-0.15848297728133146,0.08144600186565365
2010-02,0.12932659361190127,0.1133278677842421,-0.1283097183968779,0.11168608747050027,-0.09779695145574928,-0.15720970950548274,0.08288028833767346
2010-03,0.13956231367008662,0.11310625440741277,-0.11482420721323017,0.12513732317251441,-0.09699025073578728,-0.15986002620291448,0.099854429952034
2010-04,0.13747912180188399,0.11633328067336748,-0.1145653437469581,0.12787112303086134,-0.10013570420985965,-0.15241709646644788,0.10018083111459376
2010-05,-0.14451475664879876,-0.17076404473686366,-0.11593676159182666,0.12149944927348319,-0.11694803080209366,0.14710419600901928,0.13270409728927038
2010-06,-0.1442974138849928,-0.1621302894558351,-0.11415456104518833,0.1209944814941261,-0.14289099218363924,-0.11820415230015548,0.13280937855983094
2010-07,-0.1154612418232622,-0.13850939288627045,-0.11366527541013448,0.1056889358173865,-0.18825681234800642,-0.1146862814557339,0.11921048242297742
2010-08,-0.11451294046167725,-0.13962892473362282,-0.1125947315350181,0.10428375177785973,-0.17134798756757394,-0.11283842919363045,0.11546887540831804
2010-09,-0.09607154936917994,-0.136399617594097,-0.11623007993023951,0.09246787493979362,-0.16362341243429968,-0.11096649428658056,0.11754796136980745
2010-10,-0.09458461834023986,-0.1395052384991245,-0.11305241833976096,0.09251018986305677,-0.1668911431803589,-0.1110751474070812,0.11173761663817829
2010-11,-0.08823812805374638,-0.1345995079205456,-0.10971044316809195,0.0907453354225614,-0.17186986731912254,-0.11048997782163862,0.10747725364980629
2010-12,-0.08818738599990021,-0.1355998251039166,-0.1422477567694918,0.08577421268678684,-0.1629475015034641,-0.10044158577640412,0.1019410138161655
2011-01,-0.08855332164837385,0.13133531154601663,-0.14242789605357875,0.08465611768680577,-0.167234782745628,-0.10234396545286338,0.10581317735238172
2011-02,0.08905766631007747,0.14819216398234003,-0.14279631856071254,0.08451006721180376,-0.1622766168362902,-0.10366231791738745,0.10265109981093949
2011-03,0.08843160021190404,0.14565675560888078,-0.17252831527861798,0.08475892576603403,-0.17319359343389823,-0.10381589130179533,0.10293117226150594
2011-04,0.08681699323425236,0.13603705757747525,-0.17313266969027286,0.08120663805407206,-0.16743333395227333,-0.10178306709481359,0.09570411595946673
2011-05,0.09943731147402757,0.15877721732438446,-0.17403738170836866,0.09720957264239861,-0.16795417236693896,-0.1396719228517,0.1134044919313661
2011-06,0.1003671994336862,0.1520314330528416,-0.18159228164533475,0.09835383424229052,-0.1768696380041795,-0.15654537940428084,0.1134229507806734
2011-07,0.10824431277073117,0.17022832298251628,-0.16365166533216774,0.10756450119586194,-0.18709833991207628,-0.14102147373535642,0.1133828131033322
2011-08,0.11307502316955773,0.17652194876092597,-0.16677464928478195,0.10498908623274095,-0.2031313234740846,-0.12796323854726954,0.11677949518208985
2011-09,-0.11132307418663137,-0.1587879078281414,-0.1652294713136644,-0.09165341213849094,0.1416119832793832,-0.0782639525577419,0.08348733807494027
2011-10,-0.10876781829825753,0.1525817822478373,-0.17471257676382781,0.079604420086215,-0.12775102416865378,-0.077390043463086,0.08092031258229135
2011-11,0.1260121179709132,0.15585819194299735,-0.21351423870644531,0.07974972626343516,-0.1262354030650319,-0.07555106961484107,0.08074841346511828
2011-12,-0.12304027356340101,-0.15452329923407096,-0.23065062954075896,-0.08572942785453679,0.13176812808412292,0.08009840040368747,-0.08366392769695292
2012-01,-0.12576543949255511,-0.15996400091419605,-0.23880450364987454,0.08494392897831995,0.1296805580622201,-0.07973035510557114,0.07884317661519367
2012-02,-0.12401608289994308,-0.1615793789804119,-0.15495851724508164,0.0852958227361158,0.1342140426408266,-0.07968638396227487,0.08048021304855771
2012-03,-0.12837353668092014,-0.16316874939453016,-0.15363441464678426,0.08310460026552856,0.13412249631354328,-0.07981079158798711,0.07943334092448669
2012-04,-0.14725606328082402,-0.1865846245414194,-0.14731527114394058,-0.0897724990765562,0.13911024793119822,0.0854776729586511,0.08434744427290224
2012-05,-0.12790261216586188,-0.15813013522442781,-0.1453039315334974,-0.08392111146031998,0.13071884833090622,0.0803015567892549,-0.07648344273798664
2012-06,-0.12329551869572121,-0.1571713583241742,-0.14271043684183413,-0.07936774023251973,0.12881286241815965,0.07965967891364056,-0.0716993676128727
2012-07,-0.1221259801275779,-0.16459205089404444,0.1594757986049662,-0.07935065601733363,0.1280042966382549,0.08986392241277844,-0.07588501633582341
2012-08,-0.11742913970544969,-0.16277034018061956,0.15957697120754508,-0.07983953826713046,0.12820884793471446,0.08711834220989997,-0.07654343297125488
2012-09,-0.13282611369285327,0.18260456319353804,0.15904117539659204,0.09843828122499716,-0.1818312501036541,0.1289312396790305,0.09615931097507846
2012-10,-0.14242586641320717,0.1996477587291116,0.15561683272056812,-0.12622020370324485,-0.21426121028368897,0.13694954893535743,0.10410069205573017
2012-11,-0.14763413631057917,0.21233070340602084,0.14836130989229607,0.12930663862769612,-0.22328896791797742,0.1475133339599776,0.10808972362128502
2012-12,0.15821605608718872,0.21367798078620928,0.1358372811363979,0.1296094505129862,-0.2238013016077129,-0.1527437124085364,0.10834613154061006
2013-01,0.1517906375222487,0.20090619222509812,0.1267658725726129,-0.1398504249448578,-0.23076718324338152,-0.15580049100953222,0.122198392820873
2013-02,-0.14128256121223745,-0.1725679606279036,0.14314288703762093,-0.13877276681252368,0.20825585424804477,0.15180443872936542,-0.12112686373205325
2013-03,-0.13948323358344938,-0.17345455105899824,0.14341488599543298,0.14397578267575772,0.20296815345305622,0.15143740241246192,0.12224282712582388
2013-04,-0.13417641706072017,-0.168437890160589,0.16341546694711032,-0.14416450883065085,0.20308593323908902,0.1464259155255551,0.12039604288236656
2013-05,0.17728235713454255,-0.2020289206547811,0.1811322677404022,-0.13404498701774895,0.23801078575481568,-0.20189936131085312,0.1263892442964743
2013-06,0.18351283809487676,-0.2125922073689203,0.1663511980406289,-0.14602644117144345,0.24321061988519022,-0.21085943996477677,-0.14789699568960107
2013-07,0.19681389985262646,-0.21243403055674293,0.17437037129604924,-0.15799535467160913,0.22881420203530123,-0.22957504767115047,-0.14020587782982313
2013-08,0.199476340405119,-0.2060498664128354,0.17407750916736212,-0.15807559011135547,0.2286244824372794,-0.23995185210565587,-0.13388919028345966
2013-09,0.1986267159455862,0.17592817651347645,0.17847358256701842,-0.133054030745918,0.21063958747945516,-0.22534612591426836,0.11147190011862661
2013-10,0.19898838938109553,-0.17473913176365644,0.17447906354402792,-0.13049246439651188,0.2130382682287111,-0.2259727828740954,0.11168720818918552
2013-11,0.198815826875353,0.17028208691343275,0.17025480384668829,-0.12728784077112032,0.2113938246149132,-0.22603276070469377,-0.11078611497201603
2013-12,0.20041507111547505,0.17124187763848897,0.18680945805576515,-0.12724932907798503,0.21246623181760765,-0.22461595798104583,-0.110707273734458
2014-01,-0.20754669439065196,0.1799591488457977,0.18922891024882668,-0.1284478597322456,0.18001071648381675,-0.2168753770551466,-0.11049263472980131
2014-02,0.24449752526968616,0.23147587275335324,0.18683825052329586,-0.12293621819013692,0.18743088740769107,-0.225031211422722,0.10644835053000441
2014-03,0.2666944537327243,0.22736747125882228,0.1879176911015594,-0.11686905053141695,0.19360114915388663,-0.23229996908566816,0.10382624272164993
2014-04,0.29464029695211613,0.23391192853146575,0.19814848675361654,-0.11639354764764565,0.19461276711649603,-0.24079688557969034,0.10487872521832386
2014-05,0.28530713380446693,0.2602105420919364,0.21539371787851042,-0.14611093692005875,0.20100759869864776,-0.26822236894887747,0.12746715541720707
2014-06,0.28589817831431397,0.2573348349450524,0.2201446836943149,0.16555432061146785,0.19627781647277456,-0.269420800719577,0.13102295537172987
2014-07,0.2736099003163644,0.24030837779217729,0.22342606549667451,0.1667425584551825,0.2036002392646806,-0.24549010715367456,0.12604765674908833
2014-08,-0.2575760451910658,0.22567589914537217,0.22189250353478002,0.16876464413863007,0.21312165629418356,-0.24156650289638368,0.13202207680345193
2014-09,-0.2346589756305075,0.2627859578916991,0.17769790422773116,-0.15073793991592607,0.21618322550515584,0.2205682331187917,-0.13757400778279183
2014-10,-0.23829573075343985,-0.25835035356296066,0.17603943535055655,-0.15306386612639797,0.21699868720947074,0.22049091372378546,-0.13752884426714002
2014-11,-0.24023446148619004,-0.2638144811270417,0.16229515038374137,-0.15469093116172458,0.21872391642939512,0.22149969583347384,-0.1379569730776287
2014-12,-0.2435876336110356,-0.27708961204827215,0.16523911974051791,-0.14616297331170067,0.21692951785345707,0.2230428036512657,-0.13940836443087437
2015-01,-0.17446021943649523,-0.24229005790562355,0.17610316643992685,-0.1350201707615938,0.13898050237927684,0.1351325124958389,-0.11817738424530715
2015-02,-0.1994334148687536,-0.23019948341622457,0.17961162844252948,-0.13990609713889873,0.13583668461158147,0.13492148040883445,-0.11672180782350358
2015-03,-0.19499997684889586,-0.20318717235460645,0.17845138101672806,-0.16124291101491223,0.13676103200083742,0.1340430579399116,-0.1259947332855532
2015-04,-0.14966667472921483,-0.17545191460967172,0.18064643186376567,-0.1381269432213982,0.11961179339424192,0.12184677033110457,-0.12151016025400971
2015-05,-0.14957070278717827,-0.17532918066676983,0.1774159939428428,-0.13757816883562776,0.11966647240264972,0.12247336040856696,-0.10893171280807831
2015-06,-0.14557689013013014,-0.16944991223530417,0.17105830531063823,-0.139536967506386,0.12345080866931449,0.12297609594794459,-0.11447936855107865
2015-07,-0.145798759916389,-0.16997112911181572,0.170840091366509,-0.1316460576076415,0.11860936095872417,0.12133855675479184,-0.11470114088294252
2015-08,-0.13660995967441503,-0.16964942960566312,0.15550910686126393,-0.13556012114962898,0.11946366002182483,0.12140669917022669,-0.11367031358921383
2015-09,-0.1414824440919941,-0.17289753188925444,0.17211044656234464,-0.14962661794619594,0.12027285778981943,0.1283846210262878,-0.11998511371147012
2015-10,-0.14127490715573635,-0.16649426422869898,0.1763487431335203,-0.14419155561954144,0.11600924077285846,0.1277341663925037,-0.10183750689359969
2015-11,-0.1358728443873899,-0.1654114544091915,0.22692401555285793,-0.1408984297967763,0.11566590055934586,0.12052847457953896,-0.10201763950212028
2015-12,-0.1286074038151679,-0.16171431618635843,0.21002818982696567,-0.14449792878346315,0.11389760853144833,0.11963043471885025,-0.09593169098357299
2016-01,-0.1579901822835657,-0.16175682661318172,0.21988413281487826,-0.15612159016524338,0.15692106758531357,0.16686348383749317,-0.10046338909036674
2016-02,-0.15783363319722568,-0.17019641844259473,-0.15068576247267979,-0.15562656105447445,0.14872077014313173,0.16750466490321597,-0.10609418491790287
2016-03,0.15558374958542504,-0.1676097634116012,-0.1513713376123242,0.12049017704718722,0.13425706226812806,-0.1547155754201261,-0.0971845996904833
2016-04,0.17665975706548015,-0.18392966337567487,-0.13337295638484742,-0.12865821580672784,0.1427031258933236,0.17601802109237544,-0.09811767999649486
2016-05,0.17171463842635415,-0.1836153630347008,-0.13224595107904055,-0.12224050166993287,0.13680174708968657,0.16259788212911613,-0.10750973104008256
2016-06,-0.173771365182749,-0.1409922195778221,-0.11589931345850765,-0.11764418459171502,0.13490588770657885,0.15806722180101188,0.10544653582505933
2016-07,0.17643029390343562,-0.14116349784713952,-0.11883981948683732,0.13015737376449374,-0.150888155482182,0.16731950417554292,0.10877726513716691
2016-08,-0.18263459634841997,-0.14104293416827945,-0.11581930426241695,0.13431513166221798,-0.15077834707283408,0.16497546093164056,0.11779615197844198
2016-09,0.18199417666202294,-0.14106761723806552,-0.11561651417023697,0.1359815184477475,-0.15235762524403573,-0.16304943908013805,0.11758750816803001
2016-10,-0.1773874598072512,-0.13785338683590304,-0.10873223316352001,0.1355369691616656,0.1516865490258144,0.16155927996467126,0.12651014495011795
2016-11,0.18216097941133746,-0.1288479786820916,-0.08645796648709671,0.12897755799280994,0.15591552341209527,-0.17302912954012667,0.1318169660133464
2016-12,-0.19624241255389513,-0.1291093419019735,-0.08614494060982171,-0.1257099822505871,-0.1712220020605603,0.18315742074806415,0.13394987934351515
2017-01,-0.18244354604034413,-0.12630771236245866,-0.08455453536335955,0.11790746368956241,-0.16460339396574536,-0.17809077955669547,0.13825872915753828
2017-02,-0.17697599733025185,-0.12709076694445834,0.09304821586177349,0.11787288471984074,-0.16637925723595856,0.18184815557056838,0.13434299527660956
2017-03,-0.22884332784099248,-0.13436872026324823,-0.0927166761908534,-0.1466054863103134,0.19127827460184701,0.2116072785323709,0.14089714646851098
2017-04,-0.2109714475368321,-0.1282884081506318,0.10082908934787173,-0.14425257198527972,0.21779413984152346,0.2093668483572961,-0.13860464115110108
2017-05,0.2005048337746916,-0.12813354488700524,0.10496727887111504,0.16898627192879695,0.26209782591394537,-0.22310890555928498,0.13943103540256155
2017-06,0.19668638170098254,-0.1770206236318315,0.12563243547507477,0.1658109789957484,0.2104439233758548,-0.2293754268513791,0.15367070663332041
2017-07,0.17791672314622642,-0.17441616412889385,0.12387514584310488,0.15356362345426158,-0.18594964294183253,-0.22775165671676342,0.14968233185207433
2017-08,0.17864075268003313,-0.16918970360106383,0.1237390301133187,0.15455450197285442,-0.18696854378380853,-0.2344284096457713,-0.13359725239080328
2017-09,0.1762166149933117,0.15719069598258623,0.12650742676906696,0.15356515625738645,-0.18739036516197646,-0.2355644297178647,-0.13369170123831037
2017-10,0.18259508859492218,0.2175007061069723,0.13037821870913294,0.14888432529554677,-0.1751049620699948,0.2166798448101833,-0.12300465166673318
2017-11,0.21779203712815884,0.21981432651930452,-0.2406512252908842,0.15650230293706222,-0.17529656848153738,-0.23906990445612952,-0.12322842328734097
2017-12,0.22608810398460902,0.2297349923648384,-0.2654619051311133,0.15784825738918778,-0.16991162129915519,-0.2379214438483944,0.11925964833778593
2018-01,0.2173316201820045,0.18940504229984878,-0.28238626796312094,0.1766692845869658,-0.17526566726212986,-0.20836776221037145,0.1273590363951205
2018-02,0.22206096858073313,0.17379642568475503,-0.262738961790384,0.15732597898746897,-0.15720204209936983,-0.21066487090787556,0.1262660799601391
2018-03,0.22269279053316643,0.17275748104529728,-0.26580638490932146,0.15606936484393344,-0.1568087220238568,-0.2060618344876517,0.130873464517011
2018-04,0.20332938429613973,0.17175340166279088,-0.22722562178282896,0.15578442176743387,-0.1655017271705297,-0.17565666420497086,0.1286756253840689
2018-05,0.18771435162637987,0.15550362879284352,-0.2277288277866933,0.15642312919858625,-0.16400216829115052,0.1876510230705867,-0.13449055139170946
2018-06,0.19058843675654616,0.15545643549513377,-0.22477232096241415,-0.16530912201614623,0.1818407055602505,0.19015984371752576,-0.1390046662178673
2018-07,-0.22045825538254443,-0.15679223365927225,0.23263528816940962,-0.19670146792574328,0.2110328657495641,0.1907268395385748,-0.1455239522858181
2018-08,-0.22088284271139028,0.15974651954737557,0.23099049792034246,-0.18540146299309104,0.21125525421670965,0.18290279375392007,-0.1539343092429384
2018-09,-0.22192548267602527,-0.17603409119464106,0.23029322412620398,-0.18435332545938335,0.20720391031996982,0.18156388242300409,-0.15432075955606642
2018-10,-0.21144476772171555,-0.1721280529203623,-0.23225224713440748,-0.18544830985650082,0.22631093634972843,0.18528417807991177,-0.17510555886473353
2018-11,-0.22929886833039004,-0.17928194520264154,0.23507587973881702,-0.1650505126018129,0.22459557424581741,0.18740026300295853,0.14095422563463703
2018-12,-0.22495612682429747,-0.179053864838369,-0.20376336332632872,-0.17048413365458542,0.23740446573725624,0.18354710363042498,-0.14910082060089044
2019-01,-0.29518015171318124,-0.22301543472816907,-0.22626909453867722,-0.1715671798437389,0.2037216586547148,0.23342122854099978,-0.1562017632584388
2019-02,-0.3048286566669809,-0.23612010800065183,0.2313240361698122,-0.17948349041002026,0.24727369987172704,0.23617797599919807,-0.15780656613020658
2019-03,-0.32493728340125677,-0.2505195860396095,0.23080384008291352,-0.1789908298744631,0.24302903889322794,0.2353114817699745,-0.1582593582630747
2019-04,-0.33558899424063704,-0.2566611557975676,0.25672577278710096,-0.1818159027632397,0.24514741516080277,0.2720410921043618,-0.16162566181061858
2019-05,-0.44848667614985555,-0.2649235575229048,-0.22641070131498603,-0.18228935910492924,0.24489654400187194,0.2546423274025011,-0.15864142079833457
2019-06,-0.3703340857823986,-0.26147156156914986,-0.23749600555949454,-0.18111206844113972,-0.2144450734016214,-0.23236043121180253,-0.157386831834579
2019-07,-0.3175801900897445,-0.2122662618829627,-0.23991490383607778,-0.1762829254977562,0.21594380064386592,0.22188387792778827,-0.153395362095975
2019-08,-0.31752487585110867,-0.2126294473465542,-0.2268047045820565,-0.18511619692178707,0.2143764743439145,0.238138282975747,-0.14801530999570062
2019-09,-0.31844767771007165,-0.20935823800672113,-0.2367885923458939,-0.18550744354774,0.21702810408681325,0.2416341440115984,-0.14804565945712128
2019-10,-0.3022342504634631,0.16526545610177243,-0.23656343845919217,-0.17983969893577836,0.22515913329902051,-0.2682192476671722,-0.14368275985725115
2019-11,-0.2950790202644655,0.16528368915022454,-0.22879635838704834,-0.2024666782275717,-0.2259814061707481,0.2613780806741738,-0.1835043938847108
2019-12,-0.28398990524135526,0.1597924365405891,-0.2703908107428995,-0.18894521663337577,-0.23942299009929635,-0.2322143926994329,0.156099968693324
2020-01,-0.27954512725534786,0.16730737896816938,-0.27220666013942946,-0.1775575803789767,0.281225263542975,-0.23986155318409508,-0.15249482771689035
2020-02,-0.279937586411901,-0.15966391099858002,-0.31167147870883544,-0.17622554660914466,0.2740288072456552,-0.24041687288749175,-0.14656969877014864
2020-03,-0.2877714799438758,-0.15337944094168554,-0.31156062267406603,-0.15198057771363357,0.20517388134601178,-0.24036822319444742,-0.1370311042077343
2020-04,-0.2858326857845409,-0.1507562378361748,-0.31705601237791264,-0.12095496074737719,0.20258983520359422,-0.27223824243648387,-0.1296278534243883
2020-05,-0.27314683482742175,-0.15612764046216016,-0.39202510377071065,-0.11778254993923107,0.19809489174248612,-0.28394464662870017,-0.12917704251574044
2020-06,-0.28486334763838067,-0.15629105497516346,0.3933110048001499,-0.11287499060583481,0.21902011267050775,-0.3065817240243179,-0.12424561498646904
2020-07,0.22756538399917017,0.14903277712794177,-0.360745405424006,0.111542036308093,0.21441654494763376,-0.27803165142432984,0.12295259193248023
2020-08,0.23167043811606022,0.14757234360275331,-0.4401149729144235,0.1107276971363816,-0.19857103660050432,-0.2776880758311902,0.13189848866585835
2020-09,0.21984810155295015,0.13564162665908183,-0.5358998305612439,0.10640162730468956,0.19019776481088996,-0.25525441680507643,0.12981259902978978
2020-10,0.22560774148089338,0.15622571611277025,-0.5274081130470617,0.10567239342624755,0.19101325349487255,-0.256389209934303,0.13198469566656057
2020-11,0.22403327123278718,0.14923896930283623,-0.7002243128455036,0.10272206856161102,-0.18253017644256272,-0.2781091827425442,0.11678618291974965
2020-12,0.21869351924228816,0.14883744045551492,-0.6809111603896191,0.10085302266314557,-0.18314967758389403,-0.29349366724158504,0.12322753937586853
2021-01,0.22253645021739904,0.14915671756975346,-0.5162627425812536,0.11027431801242947,-0.1901333918667288,-0.28183256370610027,0.1359219045150417
2021-02,0.2230701400423448,0.15956523577709517,-0.4171098377511578,0.11650744482496193,-0.19504549454045444,-0.25199962079471344,0.15140383335515373
2021-03,0.19452075167838018,0.17508894883104514,0.2731505110363748,0.1404061053092791,-0.31009936126816556,-0.1990198773655373,0.16271580736371846
2021-04,0.19186661973415928,0.17492783700469133,0.26373932866775596,0.15669634406656335,-0.30082040239319285,-0.18310812067047916,0.1631443155511685
2021-05,0.1910327070898834,0.18231728842984699,0.2646279933877148,0.15667468630293374,-0.2968052262701363,-0.18127734784582503,0.1630997188936385
2021-06,0.17062888025584705,0.16388676181751136,0.25754877912729235,0.14774702934021336,-0.23350378694079124,-0.16783546933742097,0.14761882581218075
2021-07,0.20616770932254197,0.19948940505960758,0.2673490820851732,0.14967863604298084,-0.2293640791561318,-0.17830188739770317,0.15097076378507693
2021-08,-0.21017566122400577,0.20166626610715396,0.2679502911642715,-0.1593463191582811,-0.23842982023854262,0.17851588970061918,0.15192190794120658
2021-09,-0.20869044066510023,0.22119995844838938,0.2684536939682718,0.16749463156924843,-0.25940853964120714,0.17910883117749937,0.1501225421397745
2021-10,-0.20949640418169482,0.21695601630547498,0.2606564614822561,0.15720481551133805,-0.24580555499303455,-0.17448393574243096,0.14088202211412318
2021-11,-0.21987005092360148,-0.21013625049720536,0.2558923589004152,-0.14689958765486505,-0.2171776886482766,0.1754923769138568,-0.14643222573571207
2021-12,-0.246886078504242,-0.22031417130692846,0.267205854232231,-0.16860611683620513,-0.22592762977144656,0.18731989069456498,-0.15288319302241388
2022-01,-0.24537384094886083,-0.22004493422652344,0.2649123839992932,-0.16262738228140014,-0.22544882258132287,0.18456605775757254,-0.1434157637774797
2022-02,-0.2444584330197701,-0.23098496801086577,0.2663127580774656,-0.15290888506056874,-0.2256471280947057,0.18694230541278198,-0.13517241275511066
2022-03,-0.26487693640543286,-0.22306341140890698,0.2094162601340826,-0.14460048150951413,-0.22592565732623449,-0.22066551376690183,-0.13764332695639772
2022-04,-0.24396629213621993,-0.19171553305917263,0.16590687663600864,-0.12841702936626426,0.22113893628277367,0.1849103202768751,-0.11940108909143814
2022-05,-0.2425159998871989,-0.22154225529217322,0.16134023568291347,-0.12603123141258696,0.2241766571350419,0.1861108367487238,-0.12062560413421454
2022-06,-0.2510556864995879,-0.2137831048968352,0.146546210167372,-0.12371644538112504,0.2361337889200024,0.1958740823285931,-0.11983335092111606
2022-07,-0.24982826871535818,-0.21773061892829787,0.143770502737488,-0.12334117914654831,0.23368149168322966,0.2085934344573303,-0.11886578758729525
2022-08,-0.25134936129716823,-0.19260912843297687,0.14091720989218717,-0.12190750508174453,0.21929696901242907,0.19799378455441774,-0.11924463389437759
2022-09,-0.2474294460261311,-0.18257893813232565,0.13859739320945783,-0.10848270519629223,0.17429218996835652,0.20102145352349976,-0.10119212895517089
2022-10,-0.23533873611063583,-0.17179213406476432,0.13843336191676697,-0.11857600001063473,0.18118910172817015,0.21308013466048673,-0.1013804977324089
2022-11,-0.16069543969627034,-0.13703533281317326,0.10355113810394112,-0.10766938748665336,0.18467561207987065,0.15399011393964446,-0.08537465594087613
2022-12,-0.14973291102873823,-0.14046744884295845,0.09289047917688997,-0.10931674152229477,0.1888760429269823,0.14922675592316417,-0.0851580486766816
2023-01,-0.1474918544946353,-0.13573023838340803,0.09238518519669316,-0.1069805229369796,0.18009752821175015,-0.15070414958374787,-0.08686387762065532
2023-02,-0.14323957957596425,-0.1342504358269002,0.09046386499147276,-0.10396644988969231,0.1748698402310602,0.14538019911414687,-0.08661031859418027
2023-03,-0.1381641953398578,-0.1290761240629576,0.09215366190713215,-0.10840952760993551,0.17678846655713634,-0.13878914148781762,-0.08762509281703586
2023-04,0.15598115556828987,-0.136591518125916,0.09984903125530549,-0.11786438341518894,0.184601585158692,-0.16789480465880416,-0.09576271474153353
2023-05,-0.14873649418262083,-0.1359673736063975,0.09976544990725322,-0.11965229641613827,0.19271342665118424,-0.16207153448471914,-0.09506803562533991
2023-06,0.15117865116539578,0.1423069607984245,0.10385446531412033,-0.1207820286109219,0.18166168049602013,-0.16039909457839704,-0.09740811385234019
2023-07,0.159844451035053,0.14212323788696815,0.10440023443136039,-0.12128705488241054,0.18204853101835977,-0.1560893385738293,-0.09722011882823614
2023-08,0.16134217418613384,0.16400589931834222,0.10793310360953544,-0.11830191588368684,0.18367794890062597,-0.16494456985744926,-0.0954073312966169
2023-09,0.16134782594417646,0.16640612421899906,0.11116697477506599,0.14123580089026516,-0.2582561120843342,-0.14872295778438543,0.12102234098460518
2023-10,0.1609935162706365,0.1700865978948281,0.11292037733429296,-0.1394226127726394,0.2480600507470103,-0.15305957536198495,0.12207027889700346
2023-11,0.18424992015460218,0.18530074723793644,0.13946093389111996,-0.15635721732369912,0.23638801933310302,-0.16882934007857076,-0.14548158991832122
2023-12,0.19371030206373557,0.1850026870617408,0.14108402410281992,-0.1470522527649683,-0.22312099011243486,-0.15976938879024308,-0.14028947573405415
2024-01,-0.188580645730302,0.18782526480227513,0.13502255800441895,-0.1495317059561458,0.22601319730998717,-0.15103481628666068,-0.13573367976006795
2024-02,0.2034457406396525,0.20119144706358405,0.14442006739800464,-0.16771865397662386,-0.24419918855270312,-0.15185202182778407,-0.14597058552549363
2024-03,-0.2182864052325624,0.21274253205487484,0.15550373104217113,-0.16764231649765018,0.2473954779042333,-0.15341720539255138,-0.14556182962402442
2024-04,-0.2239694007567588,-0.2181839277109034,0.148561758591359,-0.16830414954774295,0.2371584510788656,0.15543714841263737,-0.14487211101257433
2024-05,0.2423932392129995,0.21164082983054094,0.14760405918483305,0.16263344494206694,0.23222680125285358,-0.1544527095889525,0.1350777376836416
2024-06,-0.2539244897463887,-0.21976557222919121,0.15200393905015971,0.16888228600801405,0.25776572514007157,0.15715736527864083,-0.1367676814159876
2024-07,-0.2515932565597083,0.21539488197025375,0.11863918860357578,-0.16574691686518106,0.25890856068739637,0.1589628924070603,-0.13486588899030116
2024-08,0.2432021287024147,0.21108484983596873,0.11687980984268861,0.16780485217483593,-0.25355520364276896,-0.15145704739361138,0.12945696297419124
2024-09,0.27924373371502104,0.2688687683323074,-0.11891615284036168,0.166125183894839,-0.2545820153523985,-0.1694990519891561,0.12871319232996464
2024-10,0.2470037435747354,0.20998715963625839,0.10645534059602306,0.14274384446952595,0.23714871422661013,-0.16118443044338623,0.11494352023873759
2024-11,-0.2498319271176064,0.2421420037285705,0.10740522212540253,-0.1564103276584195,0.26112450868483605,0.17207470598254157,-0.13009192353721405
2024-12,-0.2574044438351587,-0.2394729983003851,0.1093879007794585,-0.15474208692946273,0.27331006715629297,0.19404020528589652,-0.127842644791278
2025-01,-0.2694611788413059,-0.23295357537907785,0.11149798282038655,-0.16464020723038492,0.27587037351182525,0.2002545675666399,-0.13119698890983109
2025-02,-0.2684259069570925,-0.22534759742620422,0.1088176065402169,-0.16503940292198113,0.27113335789076004,0.20972547733117877,-0.13120933500774307
2025-03,0.20353016981282618,0.20691748039573138,-0.10898649464858025,-0.1643717777220577,0.26869173555137776,-0.20802779200209498,-0.12984939860180406
2025-04,0.17221165844776626,0.19427495186440807,-0.11036695011667996,-0.15675280335416233,0.20861178065285996,-0.15924733801596602,0.11983812123573687
2025-05,0.17420501188064624,0.19838352342147178,-0.1097214597010878,-0.16609537933166194,0.21142713221784565,-0.16034837497513074,-0.12972378357766953
2025-06,0.164725756562684,0.197533283449167,-0.11298101970485444,-0.15916060864937037,-0.20912601758114086,-0.1527232079373348,0.1270855119587274
2025-07,0.1497315749733137,0.1691676673933418,0.11952117958672308,-0.15710549972309407,0.20339247857981727,-0.14536386793093112,-0.12368393239255696
2025-08,0.1486996694680128,0.16839620789156612,0.1197080586340586,-0.167274761277121,0.21515093794519896,-0.15077011797050285,-0.14041103574414168
2025-09,0.14877630508932677,0.17193340739923446,0.1213826083911285,-0.17294164481666366,0.2121228782227247,-0.15076797476071385,-0.1431414842186281
2025-10,0.15133510622838334,0.1840088228635301,0.13025252168090126,-0.2114822285126119,0.23592235796007482,-0.15501298335768635,-0.17224160311252543
2025-11,0.1639186163488735,0.1878049906505931,0.1314396979418701,0.2145229759243508,-0.23643621817309074,-0.1624044270107139,-0.1727677357678993
2025-12,0.1707166809527733,0.18937580055702696,-0.1523486889232306,0.28469385383623935,-0.2628422924351733,-0.17560695425642048,0.20641495309022698
2026-01,0.17473766955233141,0.19776451280923274,-0.1536233965360736,0.23337789592643127,-0.2721803172504638,-0.18064845962987838,0.17413444197075828
2026-02,0.17328796403571323,0.18970275795877137,0.1634230871794518,0.23321714761984497,-0.26977648034115337,-0.17982538496480707,0.17510748364816933
2026-03,0.17596307210679454,0.18937648107830038,0.16234893749684184,0.19227909687672246,-0.24449897986047042,-0.15142671576303907,0.1522887089227983
2026-04,0.20859491493255167,0.19300803459884236,0.1987027933320164,0.17657545228311866,-0.29994083338213834,-0.19527627361792513,-0.16487158912229685
2026-05,0.20671250905786004,-0.19140030951301876,0.19717307062429573,0.17476243759715673,0.2831259904592958,-0.19502732681632468,0.16320012263304964
2026-06,-0.23886985173026856,-0.19783480066717232,0.1964306693386571,0.15513577856254482,0.25336257845941385,0.19321974325763605,-0.14545291852751244
2026-07,0.2779354403241961,0.22750656075172332,0.19809652248723603,0.16406276619446,0.2550171067406916,-0.2049162793818508,-0.14221393852473177
2026-08,-0.311989371939782,0.2428623806944493,0.21776736534242191,0.1634161649207914,0.25140978707888084,0.2100120564516434,0.1418905576829448
2026-09,-0.2863947325995667,-0.22727045678701605,0.20671678843094204,0.15547433259386872,0.23766929660931413,0.19504502139384222,-0.13174950721495846
