TIME_PERIOD,AUD,CAD,CHF,CZK,EUR,GBP,HUF,JPY,NOK,NZD,PLN,SEK,USD
2006-01,5.6300,3.4200,0.9245,2.1364,2.5117,4.6037,6.0200,0.1036,2.5200,7.6400,4.4000,1.8300,4.5600
2006-02,5.6100,3.6300,0.9968,2.0045,2.6004,4.5820,6.0200,0.1100,2.5700,7.5300,4.1600,1.9300,4.7200
2006-03,5.6100,3.7600,1.1132,2.0835,2.7226,4.5874,6.0200,0.1255,2.7200,7.4900,4.1700,1.9600,4.8800
2006-04,5.6900,3.9600,1.1755,2.1068,2.7938,4.6296,6.2592,0.1400,2.8200,7.4700,4.1300,2.0500,5.0300
2006-05,5.8700,4.1260,1.3020,2.1200,2.8890,4.7015,6.2592,0.2700,2.9400,7.4900,4.1500,2.1100,5.1500
2006-06,5.9600,4.2400,1.3727,2.1627,2.9857,4.7350,6.2592,0.3500,3.0300,7.4700,4.2100,2.2100,5.3500
2006-07,6.0500,4.2000,1.4277,2.2900,3.1022,4.7332,6.8982,0.4400,3.0900,7.4800,4.1800,2.2800,5.4600
2006-08,6.1900,4.1320,1.5231,2.3613,3.2265,4.9443,7.1079,0.4320,3.2300,7.4900,4.1900,2.4300,5.3800
2006-09,6.2100,4.1500,1.6434,2.4935,3.3354,5.0250,7.8776,0.4360,3.3700,7.5600,4.2200,2.5400,5.3400
2006-10,6.2800,4.1575,1.7474,2.6541,3.5020,5.1318,8.2000,0.4470,3.4800,7.6600,4.2000,2.7400,5.3300
2006-11,6.3700,4.1780,1.8060,2.6443,3.5972,5.2254,8.2000,0.5020,3.6200,7.6100,4.2000,2.9000,5.3200
2006-12,6.3900,4.1600,1.9084,2.5642,3.6842,5.2917,8.2000,0.5400,3.8000,7.6600,4.2000,3.0000,5.3200
2007-01,6.4300,4.1560,2.0505,2.5832,3.7519,5.4862,8.1500,0.5400,3.9800,7.7000,4.1900,3.2100,5.3200
2007-02,6.3700,4.1800,2.1113,2.5895,3.8182,5.5657,8.1500,0.6600,4.2000,7.7500,4.2200,3.2900,5.3100
2007-03,6.4300,4.1675,2.1599,2.5645,3.8909,5.5495,8.1000,0.6600,4.4300,7.8800,4.2400,3.2600,5.3000
2007-04,6.4800,4.1625,2.2239,2.5995,3.9753,5.6490,8.2000,0.6500,4.5400,7.9800,4.4000,3.3400,5.3100
2007-05,6.3700,4.1900,2.3168,2.7662,4.0714,5.7674,8.2000,0.6700,4.6000,8.0900,4.4400,3.4000,5.3100
2007-06,6.4200,4.3600,2.4437,2.9276,4.1478,5.8802,8.0167,0.7300,4.7500,8.3200,4.4450,3.4500,5.3300
2007-07,6.4700,4.4975,2.6117,3.0710,4.2162,6.0240,7.8686,0.7700,4.8900,8.4400,4.8100,3.5300,5.3200
2007-08,6.7500,4.2620,2.6067,3.2804,4.5436,6.4195,7.8300,0.8400,5.1800,8.7200,5.0300,3.5800,5.4900
2007-09,6.9400,3.9975,2.4935,3.4642,4.7417,6.6469,7.7198,0.8500,5.5100,8.8100,5.0100,3.6200,5.4600
2007-10,6.9100,3.9360,2.4567,3.5452,4.6874,6.2701,7.6010,0.8500,5.6700,8.6800,5.2100,3.8100,5.0800
2007-11,7.1500,3.9625,2.2950,3.7291,4.6385,6.4086,7.5075,0.8700,5.7800,8.7300,5.5600,4.0200,4.9700
2007-12,7.2900,3.8325,2.3443,4.0522,4.8484,6.3594,7.6333,0.8600,5.9600,8.9000,5.6800,4.1200,5.0200
2008-01,7.1800,3.5820,2.2875,3.9555,4.4815,5.6597,7.7833,0.8500,5.7900,8.7500,5.6500,4.1100,3.8400
2008-02,7.6900,3.2650,2.4175,3.9381,4.3621,5.6420,7.7833,0.8500,5.9100,8.8200,5.9400,4.2100,3.0600
2008-03,7.9000,2.1850,2.2881,4.0425,4.5964,5.8993,8.2088,0.8400,6.1800,8.9100,6.1500,4.2400,2.7900
2008-04,7.8400,2.4040,2.1812,4.1077,4.7835,5.9188,8.5378,0.8400,6.3000,8.8700,6.3400,4.1400,2.8500
2008-05,7.7500,2.6500,2.0428,4.1445,4.8574,5.8264,8.4000,0.8400,6.4800,8.7100,6.4800,4.1100,2.6600
2008-06,7.8100,2.6125,2.1437,4.2090,4.9405,5.9294,8.8700,0.8600,6.4100,8.6800,6.6500,4.1700,2.7600
2008-07,7.7500,2.3680,2.2069,4.1104,4.9610,5.8322,8.9919,0.8500,6.4600,8.4600,6.5600,4.3400,2.7900
2008-08,7.3100,2.4700,2.1834,3.8105,4.9652,5.7662,8.3261,0.8500,6.5300,8.2000,6.5000,4.4000,2.7900
2008-09,7.2700,2.1175,2.1247,3.8050,5.0192,5.9106,8.6179,0.8700,6.8200,7.9500,6.6300,4.4900,3.5900
2008-10,6.0300,1.5560,1.4108,4.1859,5.1131,6.1330,8.9459,0.8900,6.9200,7.4300,6.8500,3.6300,4.3200
2008-11,4.7600,1.7825,0.7003,4.2411,4.2383,4.4468,11.3473,0.8800,6.1800,6.2500,6.5600,3.2000,2.3600
2008-12,4.3900,1.0500,0.1075,3.8885,3.2926,3.1725,11.1826,0.7400,4.6400,5.2300,5.8800,1.8200,1.7700
2009-01,3.7400,0.8025,0.0939,3.1390,2.4565,2.3428,9.8000,0.7200,3.7000,4.3800,4.8600,1.3500,1.0200
2009-02,3.1600,0.7275,0.1100,2.5030,1.9430,2.0904,9.8000,0.7100,3.4800,3.4000,4.5100,0.8500,1.1600
2009-03,3.1600,0.4075,0.1130,2.4923,1.6355,1.8314,9.8000,0.6500,3.1700,3.2400,4.1700,0.4000,1.0700
2009-04,3.1000,0.3240,0.0902,2.4995,1.4223,1.5341,9.5584,0.6000,2.8700,3.1200,4.3000,0.3000,0.8900
2009-05,3.1300,0.1800,0.0913,2.3011,1.2817,1.3579,11.3000,0.5700,2.4000,2.8200,4.6200,0.4700,0.5700
2009-06,3.2500,0.2250,0.0871,2.1659,1.2279,1.2412,10.5696,0.5600,2.1000,2.7800,4.4400,0.3900,0.3900
2009-07,3.1400,0.2340,0.0718,2.0945,0.9750,1.0011,9.9868,0.5500,1.8700,2.7900,4.1700,0.1800,0.3500
2009-08,3.3000,0.2300,0.0738,1.9243,0.8605,0.7737,9.0204,0.5400,1.8800,2.7600,4.1800,0.1600,0.3000
2009-09,3.3700,0.2200,0.0734,1.8848,0.7721,0.6056,8.7795,0.5400,1.9300,2.7700,4.1800,0.1500,0.2500
2009-10,3.7800,0.2150,0.0850,1.8719,0.7375,0.5709,7.3367,0.5300,2.0300,2.7900,4.1800,0.1800,0.2400
2009-11,3.9500,0.2150,0.1185,1.8035,0.7162,0.6094,7.5613,0.5100,2.0500,2.8000,4.1900,0.1800,0.2100
2009-12,4.1290,0.1980,0.1156,1.6438,0.7120,0.6054,7.4744,0.4600,2.0800,2.7800,4.2700,0.1700,0.2200
2010-01,4.2025,0.1725,0.0904,1.5480,0.6797,0.6127,6.7803,0.4500,2.2500,2.7800,4.1900,0.2000,0.2000
2010-02,4.1600,0.1650,0.0987,1.5185,0.6617,0.6331,6.5905,0.4400,2.2700,2.7300,4.1500,0.2200,0.1900
2010-03,4.3275,0.2280,0.0958,1.4335,0.6450,0.6455,6.6490,0.4300,2.3000,2.6700,4.1000,0.2300,0.2300
2010-04,4.5450,0.3375,0.0879,1.4162,0.6447,0.6559,6.1355,0.4000,2.3900,2.6900,3.8600,0.2900,0.3000
2010-05,4.8050,0.3900,0.0819,1.2662,0.6865,0.6971,6.2300,0.3900,2.5000,2.8900,3.8600,0.2800,0.4500
2010-06,4.8875,0.5220,0.1177,1.2350,0.7276,0.7284,5.4332,0.3800,2.6700,3.0700,3.8700,0.2700,0.5200
2010-07,4.8400,0.5750,0.1829,1.2275,0.8488,0.7360,6.1748,0.3700,2.6900,3.2300,3.8200,0.3900,0.4100
2010-08,4.7425,0.6600,0.2066,1.2350,0.8955,0.7330,5.8163,0.3600,2.6500,3.2500,3.8100,0.4500,0.3200
2010-09,4.8150,0.8500,0.2138,1.2233,0.8805,0.7286,6.4057,0.3600,2.6400,3.1800,3.8400,0.5200,0.2800
2010-10,4.8100,0.8950,0.2479,1.2040,0.9977,0.7384,5.8965,0.3400,2.5600,3.1800,3.8500,0.8100,0.2700
2010-11,5.0150,0.9525,0.1860,1.2176,1.0420,0.7390,5.8669,0.3400,2.5100,3.1700,3.8800,1.1100,0.2700
2010-12,5.0250,0.9940,0.1914,1.2218,1.0217,0.7496,6.1743,0.3400,2.5900,3.1700,3.9500,1.2800,0.3000
2011-01,4.9550,0.9625,0.1508,1.1967,1.0172,0.7687,6.1320,0.3400,2.5900,3.1900,4.0900,1.4900,0.2900
2011-02,4.9175,0.9525,0.1395,1.2090,1.0868,0.7996,6.9338,0.3400,2.6100,3.1300,4.1500,1.7400,0.2800
2011-03,4.9200,0.9260,0.1551,1.2074,1.1755,0.8091,6.6355,0.3362,2.6200,2.6900,4.2000,1.7400,0.2800
2011-04,4.9000,0.9650,0.1395,1.2110,1.3212,0.8210,6.0792,0.3329,2.6900,2.6500,4.3000,1.8000,0.2300
2011-05,5.0025,0.9625,0.1194,1.2155,1.4251,0.8234,6.8759,0.3321,2.7200,2.6600,4.4500,1.9100,0.2100
2011-06,4.9925,0.9280,0.1021,1.1982,1.4886,0.8251,6.2728,0.3321,2.8500,2.6500,4.6900,1.8500,0.2200
2011-07,4.9550,0.9225,0.0910,1.1900,1.5976,0.8289,6.7438,0.3321,2.9400,2.7100,4.7100,1.8000,0.2400
2011-08,4.8575,0.8740,-0.0676,1.1887,1.5521,0.8578,7.1167,0.3286,3.1000,2.9000,4.7200,1.7100,0.2900
2011-09,4.8100,0.8725,-0.0611,1.1738,1.5365,0.9181,6.1938,0.3293,3.0800,2.8800,4.7600,1.5800,0.3300
2011-10,4.7250,0.8625,-0.0934,1.1700,1.5759,0.9699,6.1786,0.3293,3.0800,2.7600,4.9100,1.4500,0.3700
2011-11,4.6225,0.8820,-0.0653,1.1471,1.4847,1.0118,7.2500,0.3293,3.1600,2.6900,4.9700,1.4500,0.4100
2011-12,4.5075,0.8300,0.0800,1.1629,1.4261,1.0615,6.5000,0.3293,3.0200,2.6900,4.9900,1.3700,0.4900
2012-01,4.4100,0.8250,0.0403,1.1714,1.2222,1.0871,8.5434,0.3308,2.7000,2.7400,4.9900,1.5600,0.4000
2012-02,4.3700,0.9180,0.0179,1.1952,1.0483,1.0725,8.8346,0.3317,2.6700,2.7500,4.9747,1.5900,0.3000
2012-03,4.4425,0.9150,0.0513,1.2323,0.8585,1.0376,8.8346,0.3317,2.4300,2.7400,4.9400,1.4900,0.2900
2012-04,4.2025,0.9825,0.0137,1.2445,0.7443,1.0179,8.1900,0.3317,2.3200,2.7400,4.9500,1.4400,0.2900
2012-05,3.6550,0.9880,-0.0155,1.2405,0.6849,1.0050,8.2237,0.3317,2.3200,2.5900,5.1100,1.3800,0.2900
2012-06,3.4925,0.8825,-0.0573,1.2124,0.6589,0.9498,8.2237,0.3346,2.3400,2.6100,5.1300,1.2400,0.3200
2012-07,3.5450,0.8875,-0.1734,1.0565,0.4970,0.8174,8.0000,0.3273,2.2400,2.6700,5.1100,1.1000,0.3000
2012-08,3.6175,1.0020,-0.2072,0.9991,0.3324,0.7048,7.7727,0.3273,2.1300,2.6400,5.0400,1.1500,0.2600
2012-09,3.4900,1.0075,-0.1507,0.8716,0.2463,0.6480,7.7727,0.3273,1.9600,2.6400,4.9200,1.0400,0.2400
2012-10,3.1625,0.9760,-0.0634,0.7104,0.2079,0.5440,6.8419,0.3264,1.9200,2.6500,4.7300,0.9800,0.2300
2012-11,3.2425,0.9700,-0.1450,0.5377,0.1920,0.5245,6.8419,0.3182,1.9200,2.6400,4.4900,1.0600,0.2300
2012-12,3.1125,0.9450,-0.0513,0.5044,0.1855,0.5185,6.8419,0.3082,1.8700,2.6500,4.1100,1.0100,0.2400
2013-01,3.0000,0.9200,-0.1081,0.5000,0.2049,0.5123,5.7957,0.2918,1.8600,2.6600,3.9500,0.9600,0.2300
2013-02,2.9400,0.9475,-0.0634,0.5000,0.2233,0.5099,5.7957,0.2691,1.9005,2.6600,3.7300,0.9800,0.2200
2013-03,3.0500,0.9625,-0.0596,0.4876,0.2061,0.5069,5.7957,0.2500,1.8489,2.6400,3.3900,0.9700,0.2100
2013-04,3.0200,0.9825,-0.0647,0.4695,0.2089,0.5056,4.5674,0.2282,1.8214,2.6500,3.0800,0.9500,0.2000
2013-05,2.8200,0.9980,-0.0588,0.4600,0.2012,0.5056,4.7113,0.2282,1.7637,2.6400,2.7400,0.9200,0.2000
2013-06,2.8000,1.0250,-0.0602,0.4605,0.2102,0.5079,4.4800,0.2282,1.7335,2.6400,2.7300,0.9200,0.1900
2013-07,2.7600,1.0120,-0.0558,0.4600,0.2214,0.5094,4.3558,0.2280,1.6883,2.6400,2.7000,0.9300,0.1400
2013-08,2.6000,0.9925,-0.0607,0.4600,0.2259,0.5126,3.9235,0.2280,1.7232,2.6400,2.7000,0.9300,0.1200
2013-09,2.5800,0.9875,-0.0511,0.4533,0.2232,0.5169,3.9235,0.2280,1.7138,2.6500,2.6700,0.8900,0.1100
2013-10,2.5800,0.9240,0.0159,0.4468,0.2258,0.5166,3.6006,0.2210,1.6852,2.6700,2.6600,0.9200,0.1200
2013-11,2.5800,0.9250,-0.0170,0.4048,0.2234,0.5234,3.3335,0.2200,1.6633,2.6600,2.6500,0.9200,0.1200
2013-12,2.6000,0.9175,0.0174,0.3800,0.2735,0.5247,2.9968,0.2200,1.6589,2.7300,2.7100,0.8200,0.1400
2014-01,2.6200,0.8940,-0.0433,0.3745,0.2920,0.5209,2.9924,0.2200,1.6491,2.8800,2.7100,0.7300,0.1200
2014-02,2.6300,0.8700,-0.0480,0.3700,0.2881,0.5215,2.9893,0.2120,1.6990,2.9300,2.7100,0.7300,0.1300
2014-03,2.6500,0.8425,-0.0400,0.3700,0.3053,0.5216,3.2450,0.2120,1.7076,3.0500,2.7100,0.7300,0.1200
2014-04,2.6800,0.9260,-0.0292,0.3700,0.3297,0.5266,2.9353,0.2120,1.7521,3.2400,2.7200,0.7000,0.1200
2014-05,2.6900,0.9250,-0.0316,0.3655,0.3246,0.5274,2.5497,0.2100,1.8190,3.3800,2.7200,0.6600,0.1100
2014-06,2.7000,0.9350,-0.0124,0.3529,0.2414,0.5439,2.8600,0.2100,1.8040,3.5200,2.6800,0.5800,0.1100
2014-07,2.6500,0.9480,0.0333,0.3500,0.2050,0.5564,2.2943,0.2100,1.7152,3.6700,2.6700,0.2600,0.1300
2014-08,2.6300,0.9500,0.0380,0.3500,0.1916,0.5612,2.0610,0.2100,1.7224,3.6900,2.5900,0.2200,0.1300
2014-09,2.6600,0.9275,0.0250,0.3500,0.0971,0.5629,1.9832,0.2100,1.7009,3.7100,2.2800,0.1900,0.1200
2014-10,2.7200,0.8940,0.0400,0.3500,0.0826,0.5584,1.9084,0.1920,1.6257,3.6800,1.9600,0.1400,0.1200
2014-11,2.7500,0.9025,0.0414,0.3405,0.0809,0.5563,2.0400,0.1820,1.6590,3.6700,2.0600,0.0500,0.1300
2014-12,2.7500,0.9020,0.0402,0.3400,0.0809,0.5582,2.0641,0.1790,1.5345,3.6700,2.0600,0.0600,0.1500
2015-01,2.7000,0.7650,-0.4167,0.3333,0.0627,0.5626,1.9788,0.1730,1.3881,3.6700,2.0000,0.1100,0.1600
2015-02,2.3600,0.5325,-0.6750,0.3300,0.0482,0.5636,1.8506,0.1710,1.3800,3.6300,1.8100,-0.0200,0.1500
2015-03,2.3000,0.5525,-0.7888,0.3200,0.0272,0.5644,1.8224,0.1700,1.3800,3.6300,1.6500,-0.1100,0.1400
2015-04,2.2500,0.6180,-0.6854,0.3100,0.0047,0.5695,1.6440,0.1700,1.4700,3.6300,1.6500,-0.2600,0.1300
2015-05,2.1500,0.6575,-0.8154,0.3100,-0.0104,0.5680,1.4201,0.1690,1.4900,3.5300,1.6800,-0.2700,0.1500
2015-06,2.1500,0.6100,-0.7676,0.3100,-0.0139,0.5719,1.5750,0.1690,1.3500,3.3300,1.7200,-0.3200,0.1800
2015-07,2.1400,0.4700,-0.7443,0.3055,-0.0187,0.5808,1.2598,0.1690,1.2700,3.1300,1.7200,-0.4800,0.1900
2015-08,2.1400,0.3850,-0.7812,0.3100,-0.0277,0.5867,1.1442,0.1690,1.2000,2.9500,1.7200,-0.4600,0.2600
2015-09,2.1700,0.4000,-0.7562,0.3024,-0.0370,0.5858,1.2856,0.1690,1.1600,2.8500,1.7300,-0.4800,0.2700
2015-10,2.1500,0.4025,-0.8450,0.2900,-0.0536,0.5801,1.3185,0.1690,1.1100,2.8600,1.7300,-0.4400,0.2500
2015-11,2.2200,0.4525,-0.6808,0.2900,-0.0876,0.5737,1.2489,0.1690,1.1500,2.8900,1.7300,-0.3600,0.3000
2015-12,2.3400,0.4840,-0.7402,0.2886,-0.1263,0.5828,1.3476,0.1690,1.1400,2.7900,1.7200,-0.3800,0.5400
2016-01,2.3000,0.4350,-0.7459,0.2900,-0.1462,0.5898,1.1855,0.1690,1.1600,2.7300,1.7000,-0.4600,0.5700
2016-02,2.2800,0.4575,-0.8886,0.2829,-0.1836,0.5907,1.3377,0.0980,1.0900,2.6200,1.6800,-0.5000,0.5400
2016-03,2.3100,0.4600,-0.7742,0.2862,-0.2285,0.5883,1.1871,0.0980,1.0200,2.4300,1.6700,-0.5900,0.5500
2016-04,2.2600,0.5125,-0.7469,0.2900,-0.2492,0.5889,1.1846,0.0600,0.9800,2.3400,1.6700,-0.5900,0.5500
2016-05,2.0000,0.5075,-0.7654,0.2900,-0.2572,0.5893,0.9769,0.0600,0.9800,2.3800,1.6800,-0.6000,0.5700
2016-06,1.9900,0.5100,-0.7186,0.2900,-0.2679,0.5747,0.9270,0.0590,1.0200,2.3700,1.7100,-0.6300,0.5500
2016-07,1.9300,0.5000,-0.7700,0.2900,-0.2945,0.5136,0.8890,0.0580,1.0100,2.3700,1.7100,-0.6700,0.6200
2016-08,1.7600,0.5060,-0.7500,0.2900,-0.2982,0.4061,0.7529,0.0580,1.0800,2.2400,1.7100,-0.7400,0.7300
2016-09,1.7300,0.5050,-0.7500,0.2900,-0.3016,0.3791,0.7976,0.0560,1.0900,2.2300,1.7100,-0.7500,0.7500
2016-10,1.7400,0.4875,-0.7500,0.2900,-0.3090,0.3975,0.8600,0.0560,1.1100,2.1500,1.7200,-0.7500,0.7200
2016-11,1.7600,0.4800,-0.7600,0.2900,-0.3127,0.3977,0.6730,0.0560,1.1000,2.0700,1.7300,-0.7900,0.7100
2016-12,1.7800,0.4775,-0.8000,0.2867,-0.3158,0.3723,0.6565,0.0560,1.1600,2.0300,1.7300,-0.7900,0.8700
2017-01,1.7800,0.4500,-0.9300,0.2800,-0.3255,0.3621,0.2265,0.0560,1.0800,1.9800,1.7300,-0.7700,0.9000
2017-02,1.7800,0.4650,-0.8038,0.2800,-0.3286,0.3567,0.3004,0.0560,1.0200,2.0200,1.7300,-0.6900,0.8700
2017-03,1.7900,0.4980,-0.8150,0.2800,-0.3293,0.3457,0.3418,0.0560,0.9600,1.9800,1.7300,-0.6300,0.9800
2017-04,1.7700,0.5350,-0.7901,0.2878,-0.3304,0.3351,0.2476,0.0560,0.9800,1.9700,1.7300,-0.6300,1.0300
2017-05,1.7300,0.5120,-0.8977,0.2971,-0.3295,0.3108,0.2168,0.0560,0.9000,1.9800,1.7300,-0.6200,1.0500
2017-06,1.7200,0.5650,-0.7750,0.2973,-0.3300,0.2944,0.2498,0.0560,0.8700,1.9500,1.7300,-0.6700,1.1600
2017-07,1.7000,0.7300,-0.8058,0.3011,-0.3304,0.2931,0.5305,0.0750,0.8400,1.9600,1.7300,-0.7500,1.2200
2017-08,1.7000,0.7220,-0.8150,0.4348,-0.3291,0.2812,0.2133,0.0560,0.8000,1.9500,1.7300,-0.7300,1.2500
2017-09,1.7200,0.9800,-0.8452,0.4610,-0.3294,0.3091,0.1354,0.0560,0.8000,1.9500,1.7300,-0.7100,1.2500
2017-10,1.7000,0.9600,-0.9252,0.5132,-0.3295,0.3819,0.0456,0.0630,0.8200,1.9400,1.7300,-0.6800,1.2600
2017-11,1.7200,0.8800,-0.9066,0.7114,-0.3290,0.5186,0.0548,0.0630,0.7800,1.9300,1.7300,-0.7100,1.3200
2017-12,1.7700,0.9600,-0.8643,0.7526,-0.3279,0.5187,0.0644,0.0630,0.8300,1.8800,1.7200,-0.7500,1.5400
2018-01,1.7900,1.1640,-0.8715,0.7705,-0.3285,0.5225,0.0391,0.0680,0.8400,1.8800,1.7200,-0.6900,1.6300
2018-02,1.7700,1.1625,-0.8716,0.9026,-0.3285,0.5468,0.0265,0.0680,0.9300,1.9100,1.7200,-0.6600,1.7800
2018-03,1.9300,1.0950,-0.7952,0.9030,-0.3279,0.6284,0.0437,0.0970,1.0700,1.9300,1.7000,-0.6600,2.0800
2018-04,2.0600,1.1650,-0.8002,0.9000,-0.3285,0.7563,0.0730,0.0970,1.1400,2.0100,1.7000,-0.6600,2.2000
2018-05,1.9600,1.2460,-0.7862,0.9010,-0.3252,0.6435,0.0838,0.0780,1.0700,2.0100,1.7000,-0.7000,2.1600
2018-06,2.0700,1.2375,-0.7905,0.9345,-0.3220,0.6387,0.1954,0.0780,1.0100,2.0100,1.7000,-0.6900,2.1900
2018-07,2.0200,1.3750,-0.7804,1.1832,-0.3207,0.7462,0.2526,0.0910,1.0400,1.9400,1.7000,-0.6700,2.1700
2018-08,1.9600,1.4880,-0.7773,1.4483,-0.3190,0.8052,0.1327,0.0910,1.0400,1.9000,1.7100,-0.6800,2.1900
2018-09,1.9300,1.5175,-0.7803,1.5447,-0.3189,0.8009,0.1624,0.0500,1.0900,1.9000,1.7200,-0.7300,2.2400
2018-10,1.9300,1.6600,-0.8311,1.7591,-0.3177,0.8062,0.1366,0.0500,1.0900,1.8900,1.7200,-0.7000,2.3700
2018-11,1.9400,1.7125,-0.8150,1.9886,-0.3164,0.8748,0.1193,0.0500,1.2000,1.9800,1.7200,-0.7300,2.5600
2018-12,2.0200,1.6600,-0.7760,2.0147,-0.3119,0.9044,0.1281,0.0500,1.2800,1.9800,1.7200,-0.6600,2.6900
2019-01,2.0700,1.6340,-0.8135,2.0067,-0.3080,0.9182,0.1313,0.0300,1.2600,1.9100,1.7200,-0.4400,2.5900
2019-02,1.9600,1.6650,-0.7686,2.0070,-0.3085,0.8760,0.1836,0.0300,1.2700,1.9000,1.7200,-0.4000,2.4900
2019-03,1.8300,1.6600,-0.7566,2.0280,-0.3092,0.8400,0.1297,0.0500,1.3400,1.8800,1.7200,-0.4000,2.4800
2019-04,1.6800,1.6750,-0.7475,2.0216,-0.3105,0.8200,0.1374,0.0500,1.4000,1.8100,1.7200,-0.3995,2.4700
2019-05,1.5400,1.6780,-0.7753,2.1905,-0.3119,0.8000,0.1636,0.0490,1.4600,1.7200,1.7200,-0.3995,2.4400
2019-06,1.2900,1.6650,-0.7806,2.1732,-0.3289,0.7800,0.2505,0.0490,1.5100,1.6000,1.7200,-0.3994,2.3000
2019-07,1.1100,1.6540,-0.8400,2.1643,-0.3649,0.7700,0.2571,0.0490,1.5700,1.5500,1.7200,-0.4000,2.2200
2019-08,0.9800,1.6350,-0.8075,2.1433,-0.4077,0.7600,0.2698,0.0090,1.6100,1.2500,1.7200,-0.4278,2.0600
2019-09,0.9800,1.6275,-0.7913,2.1415,-0.4176,0.7700,0.1923,0.0090,1.7000,1.1500,1.7200,-0.4094,2.0300
2019-10,0.8800,1.6540,-0.7566,2.1738,-0.4129,0.7800,0.1995,0.0090,1.8100,1.0500,1.7100,-0.4333,1.8800
2019-11,0.9100,1.6625,-0.7056,2.1790,-0.4013,0.7900,0.1720,0.0180,1.8500,1.1800,1.7100,-0.4717,1.7700
2019-12,0.9000,1.6575,-0.7367,2.1800,-0.3947,0.7900,0.1535,0.0210,1.8500,1.2200,1.7100,-0.4550,1.7600
2020-01,0.8900,1.6460,-0.7488,2.1695,-0.3911,0.7400,0.1792,0.0210,1.8300,1.2700,1.7100,-0.1749,1.6500
2020-02,0.8900,1.6325,-0.7164,2.3435,-0.4088,0.7500,0.4435,0.0210,1.7500,1.1800,1.7100,-0.1499,1.5900
2020-03,0.5300,0.6725,-0.6750,1.9532,-0.4166,0.5300,0.4876,0.0060,1.3900,0.7100,1.1700,-0.1529,1.3500
2020-04,0.1700,0.2460,-0.6246,0.9645,-0.2540,0.6500,1.0886,-0.0390,0.7600,0.3900,0.6800,-0.1704,1.3500
2020-05,0.1000,0.2350,-0.6633,0.4574,-0.2720,0.3300,0.9251,-0.0420,0.3000,0.2600,0.2800,-0.1393,0.1700
2020-06,0.1000,0.1925,-0.6658,0.3400,-0.3760,0.1900,0.8917,-0.0420,0.3400,0.2800,0.2600,-0.0847,0.2000
2020-07,0.1000,0.1800,-0.6907,0.3400,-0.4441,0.1000,0.6929,-0.0650,0.3200,0.3000,0.2300,-0.0845,0.1800
2020-08,0.1000,0.1575,-0.7068,0.3400,-0.4797,0.0700,0.6047,-0.0650,0.2500,0.2900,0.2300,-0.1192,0.1500
2020-09,0.0900,0.1420,-0.7087,0.3410,-0.4914,0.0600,0.8443,-0.0550,0.2700,0.3000,0.2200,-0.1307,0.1300
2020-10,0.0700,0.1000,-0.6982,0.3500,-0.5091,0.0500,0.7505,-0.0550,0.3300,0.2700,0.2200,-0.1285,0.1200
2020-11,0.0200,0.1075,-0.7300,0.3500,-0.5209,0.0400,0.7426,-0.0550,0.3600,0.2700,0.2200,-0.1245,0.1600
2020-12,0.0200,0.1060,-0.7427,0.3510,-0.5381,0.0300,0.7764,-0.0550,0.4900,0.2600,0.2100,-0.1825,0.1700
2021-01,0.0100,0.0575,-0.7298,0.3600,-0.5472,0.0300,0.7488,-0.0550,0.4800,0.2800,0.2100,-0.1504,0.1400
2021-02,0.0100,0.0825,-0.7324,0.3600,-0.5411,0.0500,0.8216,-0.0550,0.4500,0.2800,0.2100,-0.1313,0.1100
2021-03,0.0300,0.1060,-0.7300,0.3600,-0.5391,0.0800,0.7619,-0.0650,0.3800,0.3300,0.2100,-0.1596,0.1000
2021-04,0.0400,0.0925,-0.7285,0.3600,-0.5382,0.0900,0.7501,-0.0650,0.3000,0.3400,0.2100,-0.1467,0.1100
2021-05,0.0400,0.0975,-0.7352,0.3662,-0.5401,0.0800,0.8768,-0.0650,0.2400,0.3500,0.2100,-0.1519,0.1000
2021-06,0.0300,0.1280,-0.7377,0.4768,-0.5429,0.0800,0.8485,-0.0720,0.2000,0.3300,0.2100,-0.1588,0.0900
2021-07,0.0200,0.1675,-0.7361,0.6940,-0.5448,0.0800,0.0000,-0.0720,0.3200,0.4000,0.2100,-0.1551,0.1000
2021-08,0.0100,0.1775,-0.7382,0.9382,-0.5476,0.0700,1.5576,-0.0720,0.4200,0.5400,0.2200,-0.1621,0.1000
2021-09,0.0100,0.1320,-0.8200,1.1067,-0.5450,0.0700,1.7411,-0.0720,0.6700,0.5700,0.2300,-0.1708,0.1000
2021-10,0.0400,0.1200,-0.7267,2.0165,-0.5498,0.1600,2.0029,-0.0720,0.7400,0.7000,0.7400,-0.2134,0.1100
2021-11,0.0400,0.1175,-0.6940,2.9729,-0.5674,0.1300,2.5767,-0.0720,0.8300,0.8300,2.0600,-0.3471,0.1400
2021-12,0.0600,0.0780,-0.7175,3.5032,-0.5820,0.1600,3.7207,-0.0490,1.0200,0.9100,2.5400,-0.3847,0.1700
2022-01,0.0700,0.3050,-0.7142,4.2081,-0.5601,0.5300,4.0645,-0.0490,1.1000,1.0300,3.0200,-0.1603,0.2200
2022-02,0.0700,0.3250,-0.6848,4.6935,-0.5315,0.8100,4.4217,-0.0490,1.1700,1.2100,3.6500,-0.1435,0.3800
2022-03,0.1700,0.5660,-0.6822,4.8622,-0.4954,0.9900,5.9598,-0.0490,1.3200,1.4900,4.7700,-0.2249,0.7300
2022-04,0.4100,1.0475,-0.6725,5.3637,-0.4479,1.1300,6.3588,-0.0490,1.2700,1.8100,6.0500,-0.0985,0.9100
2022-05,1.0000,1.3675,-0.6850,5.9736,-0.3857,1.3100,6.5677,-0.0490,1.2400,2.2200,6.5900,0.3131,1.3300
2022-06,1.6000,1.8340,-0.5086,6.6395,-0.2392,1.5700,7.4718,0.0050,1.6800,2.6800,7.0500,0.5147,1.8700
2022-07,2.0700,2.4450,-0.1100,7.2989,0.0366,1.8400,11.0891,-0.0310,2.2400,3.0300,7.0100,0.7801,2.5000
2022-08,2.3100,2.9080,-0.0245,7.2696,0.3947,2.2300,11.9617,-0.0200,2.6000,3.3100,7.1100,1.1317,2.7600
2022-09,2.7600,3.4200,0.1475,7.2495,1.0109,2.9100,13.1012,-0.0160,2.9400,3.6400,7.2100,1.5096,3.2100
2022-10,2.9500,3.7600,0.5288,7.2790,1.4277,3.3900,16.7051,-0.0160,3.3300,4.0000,7.5100,1.6029,3.8500
2022-11,3.0600,3.9880,0.5400,7.2724,1.8252,3.5200,15.5245,-0.0160,3.5100,4.2400,7.2800,1.6791,4.4600
2022-12,3.1700,4.1675,0.7363,7.2567,2.0635,3.7800,16.4548,-0.0150,3.2600,4.5300,7.0200,2.0206,4.5100
2023-01,3.3200,4.3250,0.9869,7.2162,2.3449,4.0100,16.6938,-0.0060,3.2700,4.8100,6.9500,2.6570,4.6100
2023-02,3.4600,4.4500,1.0000,7.2011,2.6404,4.2100,17.0341,0.0010,3.2500,5.0100,6.9400,3.0353,4.7400
2023-03,3.6400,4.3880,1.3638,7.1932,2.9106,4.3300,15.8257,-0.0080,3.6900,5.1500,6.8900,3.2489,4.9100
2023-04,3.6600,4.3675,1.4500,7.1789,3.1794,4.5200,17.1161,-0.0010,3.7400,5.4900,6.9000,3.4136,5.0300
2023-05,3.9000,4.4780,1.4500,7.1790,3.3717,4.7300,14.8287,-0.0190,3.9400,5.6700,6.9000,3.5012,5.1500
2023-06,4.2500,4.8325,1.5905,7.1473,3.5359,5.0900,15.9426,-0.0030,4.3700,5.6800,6.9000,3.5381,5.2200
2023-07,4.3000,4.9350,1.7200,7.1121,3.6718,5.4900,10.3116,-0.0030,4.6800,5.6700,6.7600,3.7087,5.3500
2023-08,4.1500,5.0540,1.7673,7.1030,3.7803,5.5300,13.9097,-0.0030,4.7200,5.6400,6.6900,3.7936,5.4400
2023-09,4.1300,5.0375,1.7700,7.0895,3.8800,5.5200,13.4219,0.0240,4.7200,5.6800,5.9900,3.8267,5.4900
2023-10,4.2100,5.0800,1.7700,7.0473,3.9676,5.4000,8.5620,-0.0120,4.7200,5.6800,5.6800,3.9563,5.4600
2023-11,4.3800,4.9960,1.7318,7.0624,3.9716,5.3600,9.4447,0.0240,4.6900,5.6300,5.7700,4.1019,5.4100
2023-12,4.3500,4.9475,1.6525,6.9663,3.9349,5.2200,10.5735,0.0520,4.7300,5.6300,5.8500,4.0284,5.3200
2024-01,4.3500,4.9480,1.6852,6.6341,3.9253,5.2000,7.0533,0.0250,4.7100,5.6400,5.8700,3.9710,5.2600
2024-02,4.3400,4.9350,1.7000,6.2019,3.9232,5.2100,8.3952,0.0270,4.7100,5.7100,5.8600,4.0434,5.2200
2024-03,4.3500,4.9050,1.5000,5.8363,3.9231,5.2000,8.3762,0.1090,4.7300,5.6400,5.8600,4.0525,5.2900
2024-04,4.3700,4.9250,1.5000,5.5462,3.8853,5.1800,7.9571,0.1090,4.7200,5.6300,5.8600,3.9507,5.3300
2024-05,4.3600,4.8680,1.5000,5.1705,3.8127,5.1600,7.4041,0.1290,4.7100,5.6200,5.8500,3.7876,5.3300
2024-06,4.3900,4.6475,1.4270,5.0275,3.7245,5.1600,7.0258,0.1490,4.7300,5.6200,5.8400,3.6834,5.2800
2024-07,4.4600,4.5080,1.1935,4.6091,3.6848,5.0900,6.7942,0.1660,4.7600,5.5500,5.8600,3.5847,5.3100
2024-08,4.3800,4.2325,1.0665,4.4118,3.5476,4.9100,6.7282,0.2550,4.7400,5.3000,5.8500,3.3658,5.1200
2024-09,4.4200,4.0425,1.0221,4.3005,3.4337,4.8400,6.9631,0.2560,4.7300,5.0500,5.8500,3.1387,4.8600
2024-10,4.4100,3.7100,0.8945,4.1323,3.1666,4.7500,6.4723,0.2560,4.7000,4.6500,5.8500,2.9169,4.6200
2024-11,4.4200,3.4800,0.8065,3.9452,3.0068,4.6800,6.6044,0.3620,4.7000,4.4200,5.8500,2.6653,4.5300
2024-12,4.4400,3.1950,0.6008,3.9067,2.8246,4.6400,6.4943,0.3860,4.6800,4.2700,5.8500,2.4548,4.4600
2025-01,4.3300,3.0580,0.4081,3.8805,2.7043,4.5500,6.5000,0.7673,4.6100,4.0500,5.8500,2.3310,4.3300
2025-02,4.1700,2.8425,0.3713,3.7568,2.5250,4.4400,6.5000,0.7918,4.5100,3.8100,5.8700,2.2802,4.3400
2025-03,4.1200,2.6600,0.3129,3.7165,2.4424,4.3900,6.4717,0.8209,4.5700,3.6700,5.8500,2.2995,4.2900
2025-04,4.0200,2.6220,0.1558,3.6800,2.2494,4.2600,6.5000,0.7836,4.5900,3.4900,5.5900,2.2680,4.3200
2025-05,3.7800,2.6225,0.0920,3.5358,2.0872,4.1900,6.5000,0.7754,4.6400,3.3400,5.2600,2.3026,4.2900
2025-06,3.6900,2.6600,0.0396,3.5115,1.9836,4.1500,6.5058,0.7727,4.3400,3.3000,5.2200,2.1884,4.3100
2025-07,3.6800,2.6620,-0.0407,3.4930,1.9863,4.0500,6.5000,0.7727,4.3300,3.2500,5.0200,2.0787,4.2800
2025-08,3.6100,2.6550,-0.0615,3.5025,2.0211,3.9800,6.6085,0.7727,4.2600,3.1000,4.8800,2.0430,4.2200
2025-09,3.5800,2.4925,-0.0597,3.4910,2.0273,3.9700,6.6377,0.8182,4.1300,2.9300,4.7500,1.9834,4.1000
2025-10,3.5600,2.3340,-0.0643,3.5264,2.0344,3.9300,6.5000,0.8091,4.2500,2.5800,4.5600,1.8527,3.9800
2025-11,3.6500,2.1850,-0.0475,3.5517,2.0417,3.8400,6.5415,0.8064,4.2200,2.4700,4.2800,1.8687,3.8600
2025-12,3.7100,2.1640,-0.0482,3.5400,2.0484,3.7500,6.7806,1.0727,4.0700,2.4900,4.0600,1.9289,3.7400
2026-01,3.7700,2.1900,-0.0389,3.4975,2.0277,3.7100,6.4414,1.1164,4.1100,2.5000,3.9300,1.9577,3.6300
2026-02,3.9600,2.1775,-0.0435,3.4763,2.0113,3.6200,6.5895,1.2291,4.1700,2.4900,3.8600,1.9074,3.6600
2026-03,4.1900,2.2300,-0.0412,3.5452,2.1094,3.6200,6.3960,1.2688,4.3400,2.5100,3.8200,1.9362,3.6900
2026-04,4.3400,2.2720,-0.0398,3.5656,2.1753,3.6200,6.3576,1.2418,4.4800,2.5600,3.8500,1.9359,3.7700
2026-05,4.4300,2.2925,-0.0394,3.5622,2.2261,3.6200,6.1801,1.2741,4.5600,2.6300,3.8500,1.9566,3.7200
2026-06,4.4600,2.2725,-0.0451,3.6800,2.3390,3.6200,5.9843,1.4120,4.5700,2.6800,3.8500,1.9538,3.7700
2026-07,4.4800,2.2580,-0.0449,3.8345,2.4254,3.6200,5.7025,1.4585,4.6200,2.8500,3.8200,1.9493,3.8200
2026-08,4.5100,2.2800,-0.0450,3.8418,2.5131,3.6200,5.3939,1.4585,4.5100,2.9800,3.8300,1.9681,3.8200
