condition,IS next1 pips,IS next1 t,IS next3 pips,IS next3 t,IS n,OOS next1 pips,OOS next1 t,OOS next3 pips,OOS next3 t,OOS n
closed in bottom 20% of range,1.9621951219512124,0.753610395939272,-0.9280487804877641,-0.19663617262829342,246,-1.1577092511013454,-0.31087931389267326,8.923008849557467,1.3730919405774826,227
closed in top 20% of range,-4.398584905660369,-1.3390871129545021,-10.56415094339616,-1.9475197080837745,212,0.49369747899152916,0.1380461256739837,-3.6920168067226853,-0.613522401122804,238
RSI(2) < 10,0.8435897435897612,0.23123615642213316,4.178205128205016,0.7123988457737187,156,0.7371212121211218,0.15286928414119355,12.83712121212117,1.5343665390178705,133
RSI(2) > 90,-6.52366412213731,-1.5060579601166724,-10.664885496183258,-1.573308842156231,131,-7.795384615384538,-1.6071012070756159,-15.20153846153841,-1.9837050320030727,130
3+ down closes,2.4638461538461023,0.6262611615111021,2.303846153846029,0.35300741739587854,130,-0.2839999999999599,-0.06220220763091747,19.685599999999983,2.3238571597188127,125
3+ up closes,-2.0961832061068217,-0.45014637670559116,-6.08473282442751,-0.8078977131113908,131,-4.06959999999999,-0.879822715064572,-7.532799999999942,-0.9793772655186255,125
down > 1 ATR,-2.349206349206231,-0.4255747547299611,-7.314285714285732,-0.6602386574885073,63,-8.505555555555562,-1.374688116379972,0.23518518518506154,0.01669183169920987,54
up > 1 ATR,-4.8509803921567745,-0.6747108193517685,2.066666666666754,0.17037169600099908,51,-4.491071428571488,-0.4856950027617902,0.362500000000121,0.026143852731784052,56
Friday (next = Monday),3.8492753623188287,1.3531417112542645,-3.414009661835814,-0.6362816862668081,207,0.3927884615384566,0.11346813507629942,2.727884615384561,0.44329173056300647,208
last day of month,3.229166666666868,0.41928162084702264,0.1687500000000428,0.013437293267754856,48,0.882978723404206,0.09230042603471879,6.674468085106264,0.39157122241112857,48
all days,-0.7325626204238929,-0.5068188379909709,-2.1591522157996126,-0.8457907737248404,1038,0.43083573487031723,0.26014269964733494,1.3201154956689118,0.46437400159054265,1042
