start,phase1,phase1_days,risk,phase2,phase2_days,funded_start,funded,funded_final,funded_return_pct,funded_avg_month_pct,days_to_funded
2018-01-01,OPEN,2920,0.005,,,,,,,,
2018-02-01,OPEN,2890,0.005,,,,,,,,
2018-03-01,OPEN,2862,0.005,,,,,,,,
2018-04-01,OPEN,2830,0.005,,,,,,,,
2018-05-01,OPEN,2801,0.005,,,,,,,,
2018-06-01,OPEN,2770,0.005,,,,,,,,
2018-07-01,OPEN,2739,0.005,,,,,,,,
2018-08-01,OPEN,2709,0.005,,,,,,,,
2018-09-01,OPEN,2676,0.005,,,,,,,,
2018-10-01,OPEN,2648,0.005,,,,,,,,
2018-11-01,OPEN,2617,0.005,,,,,,,,
2018-12-01,OPEN,2585,0.005,,,,,,,,
2019-01-01,OPEN,2555,0.005,,,,,,,,
2019-02-01,OPEN,2525,0.005,,,,,,,,
2019-03-01,OPEN,2497,0.005,,,,,,,,
2019-04-01,OPEN,2466,0.005,,,,,,,,
2019-05-01,OPEN,2436,0.005,,,,,,,,
2019-06-01,OPEN,2403,0.005,,,,,,,,
2019-07-01,OPEN,2375,0.005,,,,,,,,
2019-08-01,OPEN,2344,0.005,,,,,,,,
2019-09-01,OPEN,2312,0.005,,,,,,,,
2019-10-01,OPEN,2283,0.005,,,,,,,,
2019-11-01,OPEN,2252,0.005,,,,,,,,
2019-12-01,OPEN,2221,0.005,,,,,,,,
2020-01-01,OPEN,2190,0.005,,,,,,,,
2020-02-01,OPEN,2158,0.005,,,,,,,,
2020-03-01,OPEN,2130,0.005,,,,,,,,
2020-04-01,OPEN,2100,0.005,,,,,,,,
2020-05-01,PASS,1406,0.005,OPEN,663.0,,,,,,
2020-06-01,OPEN,2039,0.005,,,,,,,,
2020-07-01,OPEN,2009,0.005,,,,,,,,
2020-08-01,OPEN,1976,0.005,,,,,,,,
2020-09-01,OPEN,1947,0.005,,,,,,,,
2020-10-01,PASS,1253,0.005,OPEN,663.0,,,,,,
2020-11-01,PASS,1221,0.005,OPEN,663.0,,,,,,
2020-12-01,OPEN,1856,0.005,,,,,,,,
2021-01-01,OPEN,1822,0.005,,,,,,,,
2021-02-01,OPEN,1794,0.005,,,,,,,,
2021-03-01,OPEN,1766,0.005,,,,,,,,
2021-04-01,OPEN,1735,0.005,,,,,,,,
2021-05-01,OPEN,1703,0.005,,,,,,,,
2021-06-01,OPEN,1674,0.005,,,,,,,,
2021-07-01,OPEN,1644,0.005,,,,,,,,
2021-08-01,OPEN,1612,0.005,,,,,,,,
2021-09-01,OPEN,1582,0.005,,,,,,,,
2021-10-01,OPEN,1552,0.005,,,,,,,,
2021-11-01,OPEN,1521,0.005,,,,,,,,
2021-12-01,OPEN,1491,0.005,,,,,,,,
2022-01-01,OPEN,1458,0.005,,,,,,,,
2022-02-01,OPEN,1429,0.005,,,,,,,,
2022-03-01,OPEN,1401,0.005,,,,,,,,
2022-04-01,OPEN,1370,0.005,,,,,,,,
2022-05-01,OPEN,1339,0.005,,,,,,,,
2022-06-01,OPEN,1309,0.005,,,,,,,,
2022-07-01,OPEN,1279,0.005,,,,,,,,
2022-08-01,OPEN,1248,0.005,,,,,,,,
2022-09-01,OPEN,1217,0.005,,,,,,,,
2022-10-01,OPEN,1185,0.005,,,,,,,,
2022-11-01,OPEN,1156,0.005,,,,,,,,
2022-12-01,OPEN,1126,0.005,,,,,,,,
2023-01-01,OPEN,1094,0.005,,,,,,,,
2023-02-01,OPEN,1064,0.005,,,,,,,,
2023-03-01,OPEN,1036,0.005,,,,,,,,
2023-04-01,OPEN,1003,0.005,,,,,,,,
2023-05-01,OPEN,975,0.005,,,,,,,,
2023-06-01,OPEN,944,0.005,,,,,,,,
2023-07-01,OPEN,912,0.005,,,,,,,,
2023-08-01,OPEN,883,0.005,,,,,,,,
2023-09-01,OPEN,852,0.005,,,,,,,,
2023-10-01,OPEN,821,0.005,,,,,,,,
2023-11-01,OPEN,791,0.005,,,,,,,,
2023-12-01,OPEN,761,0.005,,,,,,,,
2024-01-01,OPEN,729,0.005,,,,,,,,
2024-02-01,OPEN,699,0.005,,,,,,,,
2024-03-01,OPEN,670,0.005,,,,,,,,
2024-04-01,OPEN,639,0.005,,,,,,,,
2024-05-01,OPEN,609,0.005,,,,,,,,
2024-06-01,OPEN,576,0.005,,,,,,,,
2024-07-01,OPEN,548,0.005,,,,,,,,
2024-08-01,OPEN,517,0.005,,,,,,,,
2024-09-01,OPEN,485,0.005,,,,,,,,
2024-10-01,OPEN,456,0.005,,,,,,,,
2024-11-01,OPEN,425,0.005,,,,,,,,
2024-12-01,OPEN,394,0.005,,,,,,,,
2025-01-01,OPEN,364,0.005,,,,,,,,
2025-02-01,OPEN,331,0.005,,,,,,,,
2025-03-01,OPEN,303,0.005,,,,,,,,
2025-04-01,OPEN,274,0.005,,,,,,,,
2025-05-01,OPEN,244,0.005,,,,,,,,
2025-06-01,OPEN,212,0.005,,,,,,,,
2025-07-01,OPEN,183,0.005,,,,,,,,
2025-08-01,OPEN,152,0.005,,,,,,,,
2025-09-01,OPEN,121,0.005,,,,,,,,
2025-10-01,OPEN,91,0.005,,,,,,,,
2025-11-01,OPEN,58,0.005,,,,,,,,
2018-01-01,PASS,2144,0.01,OPEN,775.0,,,,,,
2018-02-01,PASS,2114,0.01,OPEN,775.0,,,,,,
2018-03-01,PASS,2086,0.01,OPEN,775.0,,,,,,
2018-04-01,PASS,2054,0.01,OPEN,775.0,,,,,,
2018-05-01,PASS,2025,0.01,OPEN,775.0,,,,,,
2018-06-01,PASS,1994,0.01,OPEN,775.0,,,,,,
2018-07-01,PASS,1963,0.01,OPEN,775.0,,,,,,
2018-08-01,PASS,1933,0.01,OPEN,775.0,,,,,,
2018-09-01,PASS,1900,0.01,OPEN,775.0,,,,,,
2018-10-01,PASS,1872,0.01,OPEN,775.0,,,,,,
2018-11-01,PASS,1841,0.01,OPEN,775.0,,,,,,
2018-12-01,PASS,1809,0.01,OPEN,775.0,,,,,,
2019-01-01,PASS,1779,0.01,OPEN,775.0,,,,,,
2019-02-01,OPEN,2525,0.01,,,,,,,,
2019-03-01,OPEN,2497,0.01,,,,,,,,
2019-04-01,PASS,1690,0.01,OPEN,775.0,,,,,,
2019-05-01,PASS,1532,0.01,OPEN,903.0,,,,,,
2019-06-01,PASS,1499,0.01,OPEN,903.0,,,,,,
2019-07-01,PASS,1471,0.01,OPEN,903.0,,,,,,
2019-08-01,PASS,1362,0.01,PASS,317.0,2024-03-08,SURVIVED,9516.324113233652,-4.836758867663482,-0.38063099764403807,1681.0
2019-09-01,PASS,1306,0.01,PASS,227.0,2023-11-17,SURVIVED,9584.21228422712,-4.157877157728795,-0.3261431632651246,1538.0
2019-10-01,PASS,1268,0.01,PASS,238.0,2023-11-17,SURVIVED,9584.21228422712,-4.157877157728795,-0.3261431632651246,1508.0
2019-11-01,PASS,1237,0.01,PASS,238.0,2023-11-17,SURVIVED,9584.21228422712,-4.157877157728795,-0.3261431632651246,1477.0
2019-12-01,PASS,1206,0.01,PASS,238.0,2023-11-17,SURVIVED,9584.21228422712,-4.157877157728795,-0.3261431632651246,1447.0
2020-01-01,PASS,1175,0.01,PASS,238.0,2023-11-17,SURVIVED,9584.21228422712,-4.157877157728795,-0.3261431632651246,1416.0
2020-02-01,PASS,1143,0.01,PASS,238.0,2023-11-17,SURVIVED,9584.21228422712,-4.157877157728795,-0.3261431632651246,1385.0
2020-03-01,PASS,1115,0.01,PASS,238.0,2023-11-17,SURVIVED,9584.21228422712,-4.157877157728795,-0.3261431632651246,1356.0
2020-04-01,PASS,1085,0.01,PASS,238.0,2023-11-17,SURVIVED,9584.21228422712,-4.157877157728795,-0.3261431632651246,1325.0
2020-05-01,PASS,1055,0.01,PASS,238.0,2023-11-17,SURVIVED,9584.21228422712,-4.157877157728795,-0.3261431632651246,1295.0
2020-06-01,PASS,1024,0.01,PASS,238.0,2023-11-17,SURVIVED,9584.21228422712,-4.157877157728795,-0.3261431632651246,1264.0
2020-07-01,PASS,994,0.01,PASS,238.0,2023-11-17,SURVIVED,9584.21228422712,-4.157877157728795,-0.3261431632651246,1234.0
2020-08-01,PASS,961,0.01,PASS,238.0,2023-11-17,SURVIVED,9584.21228422712,-4.157877157728795,-0.3261431632651246,1203.0
2020-09-01,PASS,941,0.01,PASS,227.0,2023-11-17,SURVIVED,9584.21228422712,-4.157877157728795,-0.3261431632651246,1172.0
2020-10-01,PASS,902,0.01,PASS,238.0,2023-11-17,SURVIVED,9584.21228422712,-4.157877157728795,-0.3261431632651246,1142.0
2020-11-01,PASS,870,0.01,PASS,238.0,2023-11-17,SURVIVED,9584.21228422712,-4.157877157728795,-0.3261431632651246,1111.0
2020-12-01,PASS,841,0.01,PASS,238.0,2023-11-17,SURVIVED,9584.21228422712,-4.157877157728795,-0.3261431632651246,1081.0
2021-01-01,PASS,918,0.01,OPEN,903.0,,,,,,
2021-02-01,PASS,890,0.01,OPEN,903.0,,,,,,
2021-03-01,PASS,784,0.01,PASS,317.0,2024-03-08,SURVIVED,9516.324113233652,-4.836758867663482,-0.38063099764403807,1103.0
2021-04-01,PASS,729,0.01,PASS,227.0,2023-11-17,SURVIVED,9584.21228422712,-4.157877157728795,-0.3261431632651246,960.0
2021-05-01,PASS,697,0.01,PASS,227.0,2023-11-17,SURVIVED,9584.21228422712,-4.157877157728795,-0.3261431632651246,930.0
2021-06-01,PASS,770,0.01,OPEN,903.0,,,,,,
2021-07-01,PASS,868,0.01,OPEN,775.0,,,,,,
2021-08-01,PASS,836,0.01,OPEN,775.0,,,,,,
2021-09-01,PASS,678,0.01,OPEN,903.0,,,,,,
2021-10-01,PASS,648,0.01,OPEN,903.0,,,,,,
2021-11-01,PASS,617,0.01,OPEN,903.0,,,,,,
2021-12-01,PASS,587,0.01,OPEN,903.0,,,,,,
2022-01-01,PASS,554,0.01,OPEN,903.0,,,,,,
2022-02-01,PASS,525,0.01,OPEN,903.0,,,,,,
2022-03-01,PASS,497,0.01,OPEN,903.0,,,,,,
2022-04-01,PASS,466,0.01,OPEN,903.0,,,,,,
2022-05-01,PASS,435,0.01,OPEN,903.0,,,,,,
2022-06-01,PASS,405,0.01,OPEN,903.0,,,,,,
2022-07-01,PASS,305,0.01,PASS,309.0,2024-03-08,SURVIVED,9516.324113233652,-4.836758867663482,-0.38063099764403807,616.0
2022-08-01,PASS,274,0.01,PASS,309.0,2024-03-08,SURVIVED,9516.324113233652,-4.836758867663482,-0.38063099764403807,585.0
2022-09-01,PASS,313,0.01,OPEN,903.0,,,,,,
2022-10-01,PASS,281,0.01,OPEN,903.0,,,,,,
2022-11-01,PASS,380,0.01,OPEN,775.0,,,,,,
2022-12-01,PASS,350,0.01,OPEN,775.0,,,,,,
2023-01-01,PASS,318,0.01,OPEN,775.0,,,,,,
2023-02-01,PASS,288,0.01,OPEN,775.0,,,,,,
2023-03-01,PASS,260,0.01,OPEN,775.0,,,,,,
2023-04-01,OPEN,1003,0.01,,,,,,,,
2023-05-01,OPEN,975,0.01,,,,,,,,
2023-06-01,OPEN,944,0.01,,,,,,,,
2023-07-01,OPEN,912,0.01,,,,,,,,
2023-08-01,OPEN,883,0.01,,,,,,,,
2023-09-01,OPEN,852,0.01,,,,,,,,
2023-10-01,OPEN,821,0.01,,,,,,,,
2023-11-01,OPEN,791,0.01,,,,,,,,
2023-12-01,OPEN,761,0.01,,,,,,,,
2024-01-01,OPEN,729,0.01,,,,,,,,
2024-02-01,OPEN,699,0.01,,,,,,,,
2024-03-01,OPEN,670,0.01,,,,,,,,
2024-04-01,OPEN,639,0.01,,,,,,,,
2024-05-01,OPEN,609,0.01,,,,,,,,
2024-06-01,OPEN,576,0.01,,,,,,,,
2024-07-01,OPEN,548,0.01,,,,,,,,
2024-08-01,OPEN,517,0.01,,,,,,,,
2024-09-01,OPEN,485,0.01,,,,,,,,
2024-10-01,OPEN,456,0.01,,,,,,,,
2024-11-01,OPEN,425,0.01,,,,,,,,
2024-12-01,OPEN,394,0.01,,,,,,,,
2025-01-01,OPEN,364,0.01,,,,,,,,
2025-02-01,OPEN,331,0.01,,,,,,,,
2025-03-01,OPEN,303,0.01,,,,,,,,
2025-04-01,OPEN,274,0.01,,,,,,,,
2025-05-01,OPEN,244,0.01,,,,,,,,
2025-06-01,OPEN,212,0.01,,,,,,,,
2025-07-01,OPEN,183,0.01,,,,,,,,
2025-08-01,OPEN,152,0.01,,,,,,,,
2025-09-01,OPEN,121,0.01,,,,,,,,
2025-10-01,OPEN,91,0.01,,,,,,,,
2025-11-01,OPEN,58,0.01,,,,,,,,
2018-01-01,OPEN,2920,0.02,,,,,,,,
2018-02-01,OPEN,2890,0.02,,,,,,,,
2018-03-01,OPEN,2862,0.02,,,,,,,,
2018-04-01,OPEN,2830,0.02,,,,,,,,
2018-05-01,OPEN,2801,0.02,,,,,,,,
2018-06-01,OPEN,2770,0.02,,,,,,,,
2018-07-01,OPEN,2739,0.02,,,,,,,,
2018-08-01,OPEN,2709,0.02,,,,,,,,
2018-09-01,OPEN,2676,0.02,,,,,,,,
2018-10-01,OPEN,2648,0.02,,,,,,,,
2018-11-01,OPEN,2617,0.02,,,,,,,,
2018-12-01,OPEN,2585,0.02,,,,,,,,
2019-01-01,OPEN,2555,0.02,,,,,,,,
2019-02-01,OPEN,2525,0.02,,,,,,,,
2019-03-01,OPEN,2497,0.02,,,,,,,,
2019-04-01,OPEN,2466,0.02,,,,,,,,
2019-05-01,OPEN,2436,0.02,,,,,,,,
2019-06-01,OPEN,2403,0.02,,,,,,,,
2019-07-01,OPEN,2375,0.02,,,,,,,,
2019-08-01,OPEN,2344,0.02,,,,,,,,
2019-09-01,OPEN,2312,0.02,,,,,,,,
2019-10-01,OPEN,2283,0.02,,,,,,,,
2019-11-01,OPEN,2252,0.02,,,,,,,,
2019-12-01,PASS,534,0.02,PASS,600.0,2023-01-11,SURVIVED,11902.360011034229,19.023600110342276,1.3486409670972588,1137.0
2020-01-01,PASS,503,0.02,PASS,600.0,2023-01-11,SURVIVED,11902.360011034229,19.023600110342276,1.3486409670972588,1106.0
2020-02-01,PASS,471,0.02,PASS,600.0,2023-01-11,SURVIVED,11902.360011034229,19.023600110342276,1.3486409670972588,1075.0
2020-03-01,PASS,443,0.02,PASS,600.0,2023-01-11,SURVIVED,11902.360011034229,19.023600110342276,1.3486409670972588,1046.0
2020-04-01,PASS,413,0.02,PASS,600.0,2023-01-11,SURVIVED,11902.360011034229,19.023600110342276,1.3486409670972588,1015.0
2020-05-01,PASS,251,0.02,PASS,153.0,2021-06-11,SURVIVED,9464.315513970118,-5.356844860298827,-0.4226169776441191,406.0
2020-06-01,PASS,352,0.02,PASS,600.0,2023-01-11,SURVIVED,11902.360011034229,19.023600110342276,1.3486409670972588,954.0
2020-07-01,PASS,322,0.02,PASS,600.0,2023-01-11,SURVIVED,11902.360011034229,19.023600110342276,1.3486409670972588,924.0
2020-08-01,PASS,289,0.02,PASS,600.0,2023-01-11,SURVIVED,11902.360011034229,19.023600110342276,1.3486409670972588,893.0
2020-09-01,PASS,260,0.02,PASS,600.0,2023-01-11,SURVIVED,11902.360011034229,19.023600110342276,1.3486409670972588,862.0
2020-10-01,PASS,90,0.02,PASS,139.0,2021-05-20,SURVIVED,9705.594420649211,-2.9440557935078826,-0.22960238909784936,231.0
2020-11-01,PASS,58,0.02,PASS,139.0,2021-05-20,SURVIVED,9705.594420649211,-2.9440557935078826,-0.22960238909784936,200.0
2020-12-01,PASS,169,0.02,PASS,600.0,2023-01-11,SURVIVED,11902.360011034229,19.023600110342276,1.3486409670972588,771.0
2021-01-01,PASS,736,0.02,PASS,70.0,2023-03-23,SURVIVED,11050.145822637061,10.501458226370609,0.7711003333768396,811.0
2021-02-01,PASS,731,0.02,PASS,48.0,2023-03-24,SURVIVED,11050.145822637061,10.501458226370609,0.7711003333768396,781.0
2021-03-01,PASS,680,0.02,PASS,70.0,2023-03-23,SURVIVED,11050.145822637061,10.501458226370609,0.7711003333768396,752.0
2021-04-01,PASS,70,0.02,PASS,601.0,2023-02-03,SURVIVED,11698.17273038536,16.98172730385361,1.2138274994672793,673.0
2021-05-01,PASS,38,0.02,PASS,601.0,2023-02-03,SURVIVED,11698.17273038536,16.98172730385361,1.2138274994672793,643.0
2021-06-01,PASS,659,0.02,PASS,110.0,2023-07-12,SURVIVED,10106.287691028703,1.0628769102870361,0.08136139443641888,771.0
2021-07-01,PASS,629,0.02,PASS,110.0,2023-07-12,SURVIVED,10106.287691028703,1.0628769102870361,0.08136139443641888,741.0
2021-08-01,PASS,597,0.02,PASS,110.0,2023-07-12,SURVIVED,10106.287691028703,1.0628769102870361,0.08136139443641888,710.0
2021-09-01,PASS,567,0.02,PASS,110.0,2023-07-12,SURVIVED,10106.287691028703,1.0628769102870361,0.08136139443641888,679.0
2021-10-01,PASS,489,0.02,PASS,48.0,2023-03-24,SURVIVED,11050.145822637061,10.501458226370609,0.7711003333768396,539.0
2021-11-01,PASS,458,0.02,PASS,48.0,2023-03-24,SURVIVED,11050.145822637061,10.501458226370609,0.7711003333768396,508.0
2021-12-01,PASS,428,0.02,PASS,48.0,2023-03-24,SURVIVED,11050.145822637061,10.501458226370609,0.7711003333768396,478.0
2022-01-01,PASS,395,0.02,PASS,48.0,2023-03-24,SURVIVED,11050.145822637061,10.501458226370609,0.7711003333768396,447.0
2022-02-01,PASS,366,0.02,PASS,48.0,2023-03-24,SURVIVED,11050.145822637061,10.501458226370609,0.7711003333768396,416.0
2022-03-01,PASS,338,0.02,PASS,48.0,2023-03-24,SURVIVED,11050.145822637061,10.501458226370609,0.7711003333768396,388.0
2022-04-01,PASS,307,0.02,PASS,48.0,2023-03-24,SURVIVED,11050.145822637061,10.501458226370609,0.7711003333768396,357.0
2022-05-01,PASS,276,0.02,PASS,48.0,2023-03-24,SURVIVED,11050.145822637061,10.501458226370609,0.7711003333768396,327.0
2022-06-01,PASS,246,0.02,PASS,48.0,2023-03-24,SURVIVED,11050.145822637061,10.501458226370609,0.7711003333768396,296.0
2022-07-01,PASS,193,0.02,PASS,70.0,2023-03-23,SURVIVED,11050.145822637061,10.501458226370609,0.7711003333768396,265.0
2022-08-01,PASS,162,0.02,PASS,70.0,2023-03-23,SURVIVED,11050.145822637061,10.501458226370609,0.7711003333768396,234.0
2022-09-01,PASS,154,0.02,PASS,48.0,2023-03-24,SURVIVED,11050.145822637061,10.501458226370609,0.7711003333768396,204.0
2022-10-01,PASS,122,0.02,PASS,48.0,2023-03-24,SURVIVED,11050.145822637061,10.501458226370609,0.7711003333768396,174.0
2022-11-01,PASS,141,0.02,PASS,110.0,2023-07-12,SURVIVED,10106.287691028703,1.0628769102870361,0.08136139443641888,253.0
2022-12-01,PASS,120,0.02,PASS,99.0,2023-07-12,SURVIVED,10106.287691028703,1.0628769102870361,0.08136139443641888,223.0
2023-01-01,PASS,79,0.02,PASS,110.0,2023-07-12,SURVIVED,10106.287691028703,1.0628769102870361,0.08136139443641888,192.0
2023-02-01,PASS,90,0.02,PASS,196.0,2023-11-16,SURVIVED,9099.820693549998,-9.001793064500019,-0.7229920821147928,288.0
2023-03-01,PASS,54,0.02,PASS,204.0,2023-11-16,SURVIVED,9099.820693549998,-9.001793064500019,-0.7229920821147928,260.0
2023-04-01,PASS,226,0.02,OPEN,776.0,,,,,,
2023-05-01,OPEN,975,0.02,,,,,,,,
2023-06-01,OPEN,944,0.02,,,,,,,,
2023-07-01,OPEN,912,0.02,,,,,,,,
2023-08-01,OPEN,883,0.02,,,,,,,,
2023-09-01,OPEN,852,0.02,,,,,,,,
2023-10-01,PASS,157,0.02,OPEN,663.0,,,,,,
2023-11-01,PASS,127,0.02,OPEN,663.0,,,,,,
2023-12-01,OPEN,761,0.02,,,,,,,,
2024-01-01,OPEN,729,0.02,,,,,,,,
2024-02-01,OPEN,699,0.02,,,,,,,,
2024-03-01,OPEN,670,0.02,,,,,,,,
2024-04-01,OPEN,639,0.02,,,,,,,,
2024-05-01,OPEN,609,0.02,,,,,,,,
2024-06-01,OPEN,576,0.02,,,,,,,,
2024-07-01,OPEN,548,0.02,,,,,,,,
2024-08-01,OPEN,517,0.02,,,,,,,,
2024-09-01,OPEN,485,0.02,,,,,,,,
2024-10-01,OPEN,456,0.02,,,,,,,,
2024-11-01,OPEN,425,0.02,,,,,,,,
2024-12-01,OPEN,394,0.02,,,,,,,,
2025-01-01,OPEN,364,0.02,,,,,,,,
2025-02-01,PASS,226,0.02,OPEN,104.0,,,,,,
2025-03-01,OPEN,303,0.02,,,,,,,,
2025-04-01,OPEN,274,0.02,,,,,,,,
2025-05-01,OPEN,244,0.02,,,,,,,,
2025-06-01,OPEN,212,0.02,,,,,,,,
2025-07-01,OPEN,183,0.02,,,,,,,,
2025-08-01,PASS,146,0.02,OPEN,5.0,,,,,,
2025-09-01,OPEN,121,0.02,,,,,,,,
2025-10-01,OPEN,91,0.02,,,,,,,,
2025-11-01,OPEN,58,0.02,,,,,,,,
2018-01-01,OPEN,2920,0.03,,,,,,,,
2018-02-01,OPEN,2890,0.03,,,,,,,,
2018-03-01,OPEN,2862,0.03,,,,,,,,
2018-04-01,OPEN,2830,0.03,,,,,,,,
2018-05-01,OPEN,2801,0.03,,,,,,,,
2018-06-01,OPEN,2770,0.03,,,,,,,,
2018-07-01,OPEN,2739,0.03,,,,,,,,
2018-08-01,OPEN,2709,0.03,,,,,,,,
2018-09-01,OPEN,2676,0.03,,,,,,,,
2018-10-01,OPEN,2648,0.03,,,,,,,,
2018-11-01,OPEN,2617,0.03,,,,,,,,
2018-12-01,OPEN,2585,0.03,,,,,,,,
2019-01-01,OPEN,2555,0.03,,,,,,,,
2019-02-01,OPEN,2525,0.03,,,,,,,,
2019-03-01,OPEN,2497,0.03,,,,,,,,
2019-04-01,OPEN,2466,0.03,,,,,,,,
2019-05-01,OPEN,2436,0.03,,,,,,,,
2019-06-01,OPEN,2403,0.03,,,,,,,,
2019-07-01,OPEN,2375,0.03,,,,,,,,
2019-08-01,OPEN,2344,0.03,,,,,,,,
2019-09-01,OPEN,2312,0.03,,,,,,,,
2019-10-01,OPEN,2283,0.03,,,,,,,,
2019-11-01,OPEN,2252,0.03,,,,,,,,
2019-12-01,OPEN,2221,0.03,,,,,,,,
2020-01-01,OPEN,2190,0.03,,,,,,,,
2020-02-01,OPEN,2158,0.03,,,,,,,,
2020-03-01,OPEN,2130,0.03,,,,,,,,
2020-04-01,OPEN,2100,0.03,,,,,,,,
2020-05-01,PASS,250,0.03,PASS,132.0,2021-05-20,SURVIVED,9706.071849375794,-2.939281506242064,-0.22922487350136578,384.0
2020-06-01,PASS,219,0.03,PASS,132.0,2021-05-20,SURVIVED,9706.071849375794,-2.939281506242064,-0.22922487350136578,353.0
2020-07-01,PASS,915,0.03,PASS,70.0,2023-03-15,SURVIVED,12497.547366901568,24.97547366901569,1.7297695957882775,987.0
2020-08-01,PASS,882,0.03,PASS,70.0,2023-03-15,SURVIVED,12497.547366901568,24.97547366901569,1.7297695957882775,956.0
2020-09-01,OPEN,1947,0.03,,,,,,,,
2020-10-01,PASS,90,0.03,PASS,732.0,2023-01-03,SURVIVED,13185.330616509242,31.85330616509241,2.1498589004171897,824.0
2020-11-01,PASS,58,0.03,PASS,732.0,2023-01-03,SURVIVED,13185.330616509242,31.85330616509241,2.1498589004171897,793.0
2020-12-01,PASS,189,0.03,PASS,603.0,2023-02-03,SURVIVED,12701.704606964471,27.0170460696447,1.8566492638184995,794.0
2021-01-01,PASS,799,0.03,PASS,20.0,2023-04-05,SURVIVED,11141.841324456169,11.418413244561698,0.835179226200311,824.0
2021-02-01,PASS,690,0.03,PASS,39.0,2023-02-04,SURVIVED,12701.704606964471,27.0170460696447,1.996429559033741,733.0
2021-03-01,PASS,703,0.03,PASS,47.0,2023-03-23,SURVIVED,11586.803967436492,15.868039674364919,1.1393787139033495,752.0
2021-04-01,PASS,641,0.03,PASS,70.0,2023-03-15,SURVIVED,12497.547366901568,24.97547366901569,1.7297695957882775,713.0
2021-05-01,PASS,609,0.03,PASS,70.0,2023-03-15,SURVIVED,12497.547366901568,24.97547366901569,1.7297695957882775,683.0
2021-06-01,PASS,651,0.03,PASS,20.0,2023-04-05,SURVIVED,11141.841324456169,11.418413244561698,0.835179226200311,673.0
2021-07-01,PASS,621,0.03,PASS,20.0,2023-04-05,SURVIVED,11141.841324456169,11.418413244561698,0.835179226200311,643.0
2021-08-01,PASS,589,0.03,PASS,20.0,2023-04-05,SURVIVED,11141.841324456169,11.418413244561698,0.835179226200311,612.0
2021-09-01,PASS,519,0.03,PASS,47.0,2023-03-23,SURVIVED,11586.803967436492,15.868039674364919,1.1393787139033495,568.0
2021-10-01,PASS,458,0.03,PASS,70.0,2023-03-15,SURVIVED,12497.547366901568,24.97547366901569,1.7297695957882775,530.0
2021-11-01,PASS,427,0.03,PASS,70.0,2023-03-15,SURVIVED,12497.547366901568,24.97547366901569,1.7297695957882775,499.0
2021-12-01,PASS,428,0.03,PASS,47.0,2023-03-23,SURVIVED,11586.803967436492,15.868039674364919,1.1393787139033495,477.0
2022-01-01,PASS,395,0.03,PASS,47.0,2023-03-23,SURVIVED,11586.803967436492,15.868039674364919,1.1393787139033495,446.0
2022-02-01,PASS,366,0.03,PASS,47.0,2023-03-23,SURVIVED,11586.803967436492,15.868039674364919,1.1393787139033495,415.0
2022-03-01,PASS,338,0.03,PASS,47.0,2023-03-23,SURVIVED,11586.803967436492,15.868039674364919,1.1393787139033495,387.0
2022-04-01,PASS,307,0.03,PASS,47.0,2023-03-23,SURVIVED,11586.803967436492,15.868039674364919,1.1393787139033495,356.0
2022-05-01,PASS,276,0.03,PASS,47.0,2023-03-23,SURVIVED,11586.803967436492,15.868039674364919,1.1393787139033495,326.0
2022-06-01,PASS,246,0.03,PASS,47.0,2023-03-23,SURVIVED,11586.803967436492,15.868039674364919,1.1393787139033495,295.0
2022-07-01,PASS,154,0.03,PASS,59.0,2023-02-03,SURVIVED,12701.704606964471,27.0170460696447,1.8566492638184995,217.0
2022-08-01,PASS,123,0.03,PASS,59.0,2023-02-03,SURVIVED,12701.704606964471,27.0170460696447,1.8566492638184995,186.0
2022-09-01,PASS,113,0.03,PASS,39.0,2023-02-04,SURVIVED,12701.704606964471,27.0170460696447,1.996429559033741,156.0
2022-10-01,PASS,81,0.03,PASS,39.0,2023-02-04,SURVIVED,12701.704606964471,27.0170460696447,1.996429559033741,126.0
2022-11-01,PASS,93,0.03,PASS,47.0,2023-03-23,SURVIVED,11586.803967436492,15.868039674364919,1.1393787139033495,142.0
2022-12-01,PASS,109,0.03,PASS,36.0,2023-04-27,SURVIVED,10551.359915261648,5.5135991526164885,0.41369691554065113,147.0
2023-01-01,PASS,78,0.03,PASS,35.0,2023-04-27,SURVIVED,10551.359915261648,5.5135991526164885,0.41369691554065113,116.0
2023-02-01,PASS,58,0.03,PASS,32.0,2023-05-06,SURVIVED,10350.121216445825,3.501212164458245,0.26506713245997293,94.0
2023-03-01,PASS,22,0.03,PASS,33.0,2023-04-27,SURVIVED,10551.359915261648,5.5135991526164885,0.41369691554065113,57.0
2023-04-01,PASS,226,0.03,FAIL,445.0,,,,,,
2023-05-01,PASS,311,0.03,OPEN,663.0,,,,,,
2023-06-01,PASS,294,0.03,OPEN,649.0,,,,,,
2023-07-01,PASS,135,0.03,FAIL,445.0,,,,,,
2023-08-01,PASS,107,0.03,FAIL,444.0,,,,,,
2023-09-01,PASS,76,0.03,FAIL,444.0,,,,,,
2023-10-01,PASS,46,0.03,FAIL,441.0,,,,,,
2023-11-01,PASS,16,0.03,FAIL,441.0,,,,,,
2023-12-01,FAIL,430,0.03,,,,,,,,
2024-01-01,FAIL,398,0.03,,,,,,,,
2024-02-01,FAIL,368,0.03,,,,,,,,
2024-03-01,FAIL,339,0.03,,,,,,,,
2024-04-01,FAIL,308,0.03,,,,,,,,
2024-05-01,FAIL,278,0.03,,,,,,,,
2024-06-01,FAIL,245,0.03,,,,,,,,
2024-07-01,FAIL,217,0.03,,,,,,,,
2024-08-01,FAIL,186,0.03,,,,,,,,
2024-09-01,FAIL,154,0.03,,,,,,,,
2024-10-01,FAIL,125,0.03,,,,,,,,
2024-11-01,FAIL,94,0.03,,,,,,,,
2024-12-01,FAIL,63,0.03,,,,,,,,
2025-01-01,FAIL,33,0.03,,,,,,,,
2025-02-01,PASS,226,0.03,OPEN,104.0,,,,,,
2025-03-01,PASS,296,0.03,OPEN,6.0,,,,,,
2025-04-01,PASS,169,0.03,OPEN,104.0,,,,,,
2025-05-01,PASS,139,0.03,OPEN,104.0,,,,,,
2025-06-01,PASS,107,0.03,OPEN,104.0,,,,,,
2025-07-01,OPEN,183,0.03,,,,,,,,
2025-08-01,PASS,48,0.03,OPEN,103.0,,,,,,
2025-09-01,PASS,18,0.03,OPEN,100.0,,,,,,
2025-10-01,OPEN,91,0.03,,,,,,,,
2025-11-01,OPEN,58,0.03,,,,,,,,
2018-01-01,OPEN,2920,0.05,,,,,,,,
2018-02-01,OPEN,2890,0.05,,,,,,,,
2018-03-01,OPEN,2862,0.05,,,,,,,,
2018-04-01,OPEN,2830,0.05,,,,,,,,
2018-05-01,OPEN,2801,0.05,,,,,,,,
2018-06-01,OPEN,2770,0.05,,,,,,,,
2018-07-01,OPEN,2739,0.05,,,,,,,,
2018-08-01,OPEN,2709,0.05,,,,,,,,
2018-09-01,OPEN,2676,0.05,,,,,,,,
2018-10-01,OPEN,2648,0.05,,,,,,,,
2018-11-01,OPEN,2617,0.05,,,,,,,,
2018-12-01,OPEN,2585,0.05,,,,,,,,
2019-01-01,OPEN,2555,0.05,,,,,,,,
2019-02-01,OPEN,2525,0.05,,,,,,,,
2019-03-01,OPEN,2497,0.05,,,,,,,,
2019-04-01,OPEN,2466,0.05,,,,,,,,
2019-05-01,OPEN,2436,0.05,,,,,,,,
2019-06-01,OPEN,2403,0.05,,,,,,,,
2019-07-01,OPEN,2375,0.05,,,,,,,,
2019-08-01,OPEN,2344,0.05,,,,,,,,
2019-09-01,OPEN,2312,0.05,,,,,,,,
2019-10-01,OPEN,2283,0.05,,,,,,,,
2019-11-01,OPEN,2252,0.05,,,,,,,,
2019-12-01,OPEN,2221,0.05,,,,,,,,
2020-01-01,OPEN,2190,0.05,,,,,,,,
2020-02-01,OPEN,2158,0.05,,,,,,,,
2020-03-01,OPEN,2130,0.05,,,,,,,,
2020-04-01,OPEN,2100,0.05,,,,,,,,
2020-05-01,PASS,250,0.05,OPEN,1819.0,,,,,,
2020-06-01,OPEN,2039,0.05,,,,,,,,
2020-07-01,OPEN,2009,0.05,,,,,,,,
2020-08-01,OPEN,1976,0.05,,,,,,,,
2020-09-01,OPEN,1947,0.05,,,,,,,,
2020-10-01,PASS,90,0.05,OPEN,1826.0,,,,,,
2020-11-01,PASS,58,0.05,OPEN,1826.0,,,,,,
2020-12-01,PASS,37,0.05,OPEN,1818.0,,,,,,
2021-01-01,OPEN,1822,0.05,,,,,,,,
2021-02-01,OPEN,1794,0.05,,,,,,,,
2021-03-01,OPEN,1766,0.05,,,,,,,,
2021-04-01,PASS,641,0.05,PASS,34.0,2023-02-07,SURVIVED,13068.498502290102,30.684985022901024,2.0799474672984264,677.0
2021-05-01,PASS,609,0.05,PASS,34.0,2023-02-07,SURVIVED,13068.498502290102,30.684985022901024,2.0799474672984264,647.0
2021-06-01,PASS,580,0.05,PASS,34.0,2023-02-07,SURVIVED,13068.498502290102,30.684985022901024,2.0799474672984264,616.0
2021-07-01,OPEN,1644,0.05,,,,,,,,
2021-08-01,OPEN,1612,0.05,,,,,,,,
2021-09-01,PASS,488,0.05,PASS,34.0,2023-02-07,SURVIVED,13068.498502290102,30.684985022901024,2.0799474672984264,524.0
2021-10-01,PASS,427,0.05,PASS,32.0,2023-01-07,SURVIVED,13221.148009894136,32.21148009894135,2.1711772451526112,463.0
2021-11-01,PASS,396,0.05,PASS,32.0,2023-01-07,SURVIVED,13221.148009894136,32.21148009894135,2.1711772451526112,432.0
2021-12-01,PASS,387,0.05,PASS,39.0,2023-02-04,SURVIVED,12668.688009894133,26.686880098941334,2.021670233947148,430.0
2022-01-01,PASS,354,0.05,PASS,39.0,2023-02-04,SURVIVED,12668.688009894133,26.686880098941334,2.021670233947148,399.0
2022-02-01,PASS,335,0.05,PASS,34.0,2023-02-07,SURVIVED,13068.498502290102,30.684985022901024,2.0799474672984264,371.0
2022-03-01,PASS,307,0.05,PASS,34.0,2023-02-07,SURVIVED,13068.498502290102,30.684985022901024,2.0799474672984264,343.0
2022-04-01,PASS,276,0.05,PASS,34.0,2023-02-07,SURVIVED,13068.498502290102,30.684985022901024,2.0799474672984264,312.0
2022-05-01,PASS,245,0.05,PASS,34.0,2023-02-07,SURVIVED,13068.498502290102,30.684985022901024,2.0799474672984264,282.0
2022-06-01,PASS,215,0.05,PASS,34.0,2023-02-07,SURVIVED,13068.498502290102,30.684985022901024,2.0799474672984264,251.0
2022-07-01,PASS,175,0.05,PASS,39.0,2023-02-04,SURVIVED,12668.688009894133,26.686880098941334,2.021670233947148,218.0
2022-08-01,PASS,144,0.05,PASS,39.0,2023-02-04,SURVIVED,12668.688009894133,26.686880098941334,2.021670233947148,187.0
2022-09-01,PASS,123,0.05,PASS,34.0,2023-02-07,SURVIVED,13068.498502290102,30.684985022901024,2.0799474672984264,159.0
2022-10-01,PASS,91,0.05,PASS,34.0,2023-02-07,SURVIVED,13068.498502290102,30.684985022901024,2.0799474672984264,129.0
2022-11-01,PASS,62,0.05,PASS,34.0,2023-02-07,SURVIVED,13068.498502290102,30.684985022901024,2.0799474672984264,98.0
2022-12-01,PASS,63,0.05,PASS,46.0,2023-03-22,SURVIVED,12403.58850229014,24.035885022901393,1.6707319109609875,111.0
2023-01-01,PASS,71,0.05,PASS,20.0,2023-04-05,SURVIVED,11510.810680687993,15.108106806879928,1.0881979598593272,94.0
2023-02-01,PASS,58,0.05,PASS,32.0,2023-05-06,SURVIVED,10240.63352285493,2.4063352285493167,0.18307809267525954,94.0
2023-03-01,PASS,21,0.05,PASS,36.0,2023-04-29,SURVIVED,10891.653522854931,8.916535228549316,0.7143029854790317,59.0
2023-04-01,PASS,226,0.05,OPEN,776.0,,,,,,
2023-05-01,PASS,198,0.05,OPEN,776.0,,,,,,
2023-06-01,PASS,167,0.05,OPEN,776.0,,,,,,
2023-07-01,PASS,135,0.05,OPEN,776.0,,,,,,
2023-08-01,PASS,107,0.05,OPEN,775.0,,,,,,
2023-09-01,PASS,76,0.05,OPEN,775.0,,,,,,
2023-10-01,PASS,46,0.05,OPEN,772.0,,,,,,
2023-11-01,PASS,16,0.05,OPEN,772.0,,,,,,
2023-12-01,OPEN,761,0.05,,,,,,,,
2024-01-01,OPEN,729,0.05,,,,,,,,
2024-02-01,OPEN,699,0.05,,,,,,,,
2024-03-01,OPEN,670,0.05,,,,,,,,
2024-04-01,OPEN,639,0.05,,,,,,,,
2024-05-01,OPEN,609,0.05,,,,,,,,
2024-06-01,OPEN,576,0.05,,,,,,,,
2024-07-01,FAIL,217,0.05,,,,,,,,
2024-08-01,FAIL,186,0.05,,,,,,,,
2024-09-01,FAIL,154,0.05,,,,,,,,
2024-10-01,FAIL,125,0.05,,,,,,,,
2024-11-01,FAIL,94,0.05,,,,,,,,
2024-12-01,FAIL,63,0.05,,,,,,,,
2025-01-01,FAIL,33,0.05,,,,,,,,
2025-02-01,OPEN,331,0.05,,,,,,,,
2025-03-01,OPEN,303,0.05,,,,,,,,
2025-04-01,OPEN,274,0.05,,,,,,,,
2025-05-01,OPEN,244,0.05,,,,,,,,
2025-06-01,OPEN,212,0.05,,,,,,,,
2025-07-01,OPEN,183,0.05,,,,,,,,
2025-08-01,PASS,48,0.05,OPEN,103.0,,,,,,
2025-09-01,PASS,18,0.05,OPEN,100.0,,,,,,
2025-10-01,OPEN,91,0.05,,,,,,,,
2025-11-01,OPEN,58,0.05,,,,,,,,
2018-01-01,OPEN,2920,0.08,,,,,,,,
2018-02-01,OPEN,2890,0.08,,,,,,,,
2018-03-01,OPEN,2862,0.08,,,,,,,,
2018-04-01,OPEN,2830,0.08,,,,,,,,
2018-05-01,OPEN,2801,0.08,,,,,,,,
2018-06-01,OPEN,2770,0.08,,,,,,,,
2018-07-01,OPEN,2739,0.08,,,,,,,,
2018-08-01,OPEN,2709,0.08,,,,,,,,
2018-09-01,OPEN,2676,0.08,,,,,,,,
2018-10-01,OPEN,2648,0.08,,,,,,,,
2018-11-01,OPEN,2617,0.08,,,,,,,,
2018-12-01,OPEN,2585,0.08,,,,,,,,
2019-01-01,OPEN,2555,0.08,,,,,,,,
2019-02-01,OPEN,2525,0.08,,,,,,,,
2019-03-01,OPEN,2497,0.08,,,,,,,,
2019-04-01,OPEN,2466,0.08,,,,,,,,
2019-05-01,OPEN,2436,0.08,,,,,,,,
2019-06-01,OPEN,2403,0.08,,,,,,,,
2019-07-01,OPEN,2375,0.08,,,,,,,,
2019-08-01,OPEN,2344,0.08,,,,,,,,
2019-09-01,OPEN,2312,0.08,,,,,,,,
2019-10-01,OPEN,2283,0.08,,,,,,,,
2019-11-01,OPEN,2252,0.08,,,,,,,,
2019-12-01,OPEN,2221,0.08,,,,,,,,
2020-01-01,OPEN,2190,0.08,,,,,,,,
2020-02-01,OPEN,2158,0.08,,,,,,,,
2020-03-01,OPEN,2130,0.08,,,,,,,,
2020-04-01,OPEN,2100,0.08,,,,,,,,
2020-05-01,PASS,250,0.08,OPEN,1819.0,,,,,,
2020-06-01,OPEN,2039,0.08,,,,,,,,
2020-07-01,OPEN,2009,0.08,,,,,,,,
2020-08-01,OPEN,1976,0.08,,,,,,,,
2020-09-01,OPEN,1947,0.08,,,,,,,,
2020-10-01,PASS,90,0.08,OPEN,1826.0,,,,,,
2020-11-01,PASS,58,0.08,OPEN,1826.0,,,,,,
2020-12-01,PASS,37,0.08,OPEN,1818.0,,,,,,
2021-01-01,OPEN,1822,0.08,,,,,,,,
2021-02-01,OPEN,1794,0.08,,,,,,,,
2021-03-01,OPEN,1766,0.08,,,,,,,,
2021-04-01,PASS,641,0.08,PASS,34.0,2023-02-07,SURVIVED,13068.498502290102,30.684985022901024,2.0799474672984264,677.0
2021-05-01,PASS,609,0.08,PASS,34.0,2023-02-07,SURVIVED,13068.498502290102,30.684985022901024,2.0799474672984264,647.0
2021-06-01,PASS,580,0.08,PASS,34.0,2023-02-07,SURVIVED,13068.498502290102,30.684985022901024,2.0799474672984264,616.0
2021-07-01,OPEN,1644,0.08,,,,,,,,
2021-08-01,OPEN,1612,0.08,,,,,,,,
2021-09-01,PASS,488,0.08,PASS,34.0,2023-02-07,SURVIVED,13068.498502290102,30.684985022901024,2.0799474672984264,524.0
2021-10-01,PASS,427,0.08,PASS,32.0,2023-01-07,SURVIVED,13221.148009894136,32.21148009894135,2.1711772451526112,463.0
2021-11-01,PASS,396,0.08,PASS,32.0,2023-01-07,SURVIVED,13221.148009894136,32.21148009894135,2.1711772451526112,432.0
2021-12-01,PASS,387,0.08,PASS,39.0,2023-02-04,SURVIVED,12668.688009894133,26.686880098941334,2.021670233947148,430.0
2022-01-01,PASS,354,0.08,PASS,39.0,2023-02-04,SURVIVED,12668.688009894133,26.686880098941334,2.021670233947148,399.0
2022-02-01,PASS,335,0.08,PASS,34.0,2023-02-07,SURVIVED,13068.498502290102,30.684985022901024,2.0799474672984264,371.0
2022-03-01,PASS,307,0.08,PASS,34.0,2023-02-07,SURVIVED,13068.498502290102,30.684985022901024,2.0799474672984264,343.0
2022-04-01,PASS,276,0.08,PASS,34.0,2023-02-07,SURVIVED,13068.498502290102,30.684985022901024,2.0799474672984264,312.0
2022-05-01,PASS,245,0.08,PASS,34.0,2023-02-07,SURVIVED,13068.498502290102,30.684985022901024,2.0799474672984264,282.0
2022-06-01,PASS,215,0.08,PASS,34.0,2023-02-07,SURVIVED,13068.498502290102,30.684985022901024,2.0799474672984264,251.0
2022-07-01,PASS,175,0.08,PASS,39.0,2023-02-04,SURVIVED,12668.688009894133,26.686880098941334,2.021670233947148,218.0
2022-08-01,PASS,144,0.08,PASS,39.0,2023-02-04,SURVIVED,12668.688009894133,26.686880098941334,2.021670233947148,187.0
2022-09-01,PASS,123,0.08,PASS,34.0,2023-02-07,SURVIVED,13068.498502290102,30.684985022901024,2.0799474672984264,159.0
2022-10-01,PASS,91,0.08,PASS,34.0,2023-02-07,SURVIVED,13068.498502290102,30.684985022901024,2.0799474672984264,129.0
2022-11-01,PASS,62,0.08,PASS,34.0,2023-02-07,SURVIVED,13068.498502290102,30.684985022901024,2.0799474672984264,98.0
2022-12-01,PASS,63,0.08,PASS,46.0,2023-03-22,SURVIVED,12403.58850229014,24.035885022901393,1.6707319109609875,111.0
2023-01-01,PASS,71,0.08,PASS,20.0,2023-04-05,SURVIVED,11510.810680687993,15.108106806879928,1.0881979598593272,94.0
2023-02-01,PASS,58,0.08,PASS,32.0,2023-05-06,SURVIVED,10240.63352285493,2.4063352285493167,0.18307809267525954,94.0
2023-03-01,PASS,21,0.08,PASS,36.0,2023-04-29,SURVIVED,10891.653522854931,8.916535228549316,0.7143029854790317,59.0
2023-04-01,PASS,226,0.08,OPEN,776.0,,,,,,
2023-05-01,PASS,198,0.08,OPEN,776.0,,,,,,
2023-06-01,PASS,167,0.08,OPEN,776.0,,,,,,
2023-07-01,PASS,135,0.08,OPEN,776.0,,,,,,
2023-08-01,PASS,107,0.08,OPEN,775.0,,,,,,
2023-09-01,PASS,76,0.08,OPEN,775.0,,,,,,
2023-10-01,PASS,46,0.08,OPEN,772.0,,,,,,
2023-11-01,PASS,16,0.08,OPEN,772.0,,,,,,
2023-12-01,OPEN,761,0.08,,,,,,,,
2024-01-01,OPEN,729,0.08,,,,,,,,
2024-02-01,OPEN,699,0.08,,,,,,,,
2024-03-01,OPEN,670,0.08,,,,,,,,
2024-04-01,OPEN,639,0.08,,,,,,,,
2024-05-01,OPEN,609,0.08,,,,,,,,
2024-06-01,OPEN,576,0.08,,,,,,,,
2024-07-01,FAIL,217,0.08,,,,,,,,
2024-08-01,FAIL,186,0.08,,,,,,,,
2024-09-01,FAIL,154,0.08,,,,,,,,
2024-10-01,FAIL,125,0.08,,,,,,,,
2024-11-01,FAIL,94,0.08,,,,,,,,
2024-12-01,FAIL,63,0.08,,,,,,,,
2025-01-01,FAIL,33,0.08,,,,,,,,
2025-02-01,OPEN,331,0.08,,,,,,,,
2025-03-01,OPEN,303,0.08,,,,,,,,
2025-04-01,OPEN,274,0.08,,,,,,,,
2025-05-01,OPEN,244,0.08,,,,,,,,
2025-06-01,OPEN,212,0.08,,,,,,,,
2025-07-01,OPEN,183,0.08,,,,,,,,
2025-08-01,PASS,48,0.08,OPEN,103.0,,,,,,
2025-09-01,PASS,18,0.08,OPEN,100.0,,,,,,
2025-10-01,OPEN,91,0.08,,,,,,,,
2025-11-01,OPEN,58,0.08,,,,,,,,
2018-01-01,OPEN,2920,0.1,,,,,,,,
2018-02-01,OPEN,2890,0.1,,,,,,,,
2018-03-01,OPEN,2862,0.1,,,,,,,,
2018-04-01,OPEN,2830,0.1,,,,,,,,
2018-05-01,OPEN,2801,0.1,,,,,,,,
2018-06-01,OPEN,2770,0.1,,,,,,,,
2018-07-01,OPEN,2739,0.1,,,,,,,,
2018-08-01,OPEN,2709,0.1,,,,,,,,
2018-09-01,OPEN,2676,0.1,,,,,,,,
2018-10-01,OPEN,2648,0.1,,,,,,,,
2018-11-01,OPEN,2617,0.1,,,,,,,,
2018-12-01,OPEN,2585,0.1,,,,,,,,
2019-01-01,OPEN,2555,0.1,,,,,,,,
2019-02-01,OPEN,2525,0.1,,,,,,,,
2019-03-01,OPEN,2497,0.1,,,,,,,,
2019-04-01,OPEN,2466,0.1,,,,,,,,
2019-05-01,OPEN,2436,0.1,,,,,,,,
2019-06-01,OPEN,2403,0.1,,,,,,,,
2019-07-01,OPEN,2375,0.1,,,,,,,,
2019-08-01,OPEN,2344,0.1,,,,,,,,
2019-09-01,OPEN,2312,0.1,,,,,,,,
2019-10-01,OPEN,2283,0.1,,,,,,,,
2019-11-01,OPEN,2252,0.1,,,,,,,,
2019-12-01,OPEN,2221,0.1,,,,,,,,
2020-01-01,OPEN,2190,0.1,,,,,,,,
2020-02-01,OPEN,2158,0.1,,,,,,,,
2020-03-01,OPEN,2130,0.1,,,,,,,,
2020-04-01,OPEN,2100,0.1,,,,,,,,
2020-05-01,PASS,250,0.1,OPEN,1819.0,,,,,,
2020-06-01,OPEN,2039,0.1,,,,,,,,
2020-07-01,OPEN,2009,0.1,,,,,,,,
2020-08-01,OPEN,1976,0.1,,,,,,,,
2020-09-01,OPEN,1947,0.1,,,,,,,,
2020-10-01,PASS,90,0.1,OPEN,1826.0,,,,,,
2020-11-01,PASS,58,0.1,OPEN,1826.0,,,,,,
2020-12-01,PASS,37,0.1,OPEN,1818.0,,,,,,
2021-01-01,OPEN,1822,0.1,,,,,,,,
2021-02-01,OPEN,1794,0.1,,,,,,,,
2021-03-01,OPEN,1766,0.1,,,,,,,,
2021-04-01,PASS,641,0.1,PASS,34.0,2023-02-07,SURVIVED,13068.498502290102,30.684985022901024,2.0799474672984264,677.0
2021-05-01,PASS,609,0.1,PASS,34.0,2023-02-07,SURVIVED,13068.498502290102,30.684985022901024,2.0799474672984264,647.0
2021-06-01,PASS,580,0.1,PASS,34.0,2023-02-07,SURVIVED,13068.498502290102,30.684985022901024,2.0799474672984264,616.0
2021-07-01,OPEN,1644,0.1,,,,,,,,
2021-08-01,OPEN,1612,0.1,,,,,,,,
2021-09-01,PASS,488,0.1,PASS,34.0,2023-02-07,SURVIVED,13068.498502290102,30.684985022901024,2.0799474672984264,524.0
2021-10-01,PASS,427,0.1,PASS,32.0,2023-01-07,SURVIVED,13221.148009894136,32.21148009894135,2.1711772451526112,463.0
2021-11-01,PASS,396,0.1,PASS,32.0,2023-01-07,SURVIVED,13221.148009894136,32.21148009894135,2.1711772451526112,432.0
2021-12-01,PASS,387,0.1,PASS,39.0,2023-02-04,SURVIVED,12668.688009894133,26.686880098941334,2.021670233947148,430.0
2022-01-01,PASS,354,0.1,PASS,39.0,2023-02-04,SURVIVED,12668.688009894133,26.686880098941334,2.021670233947148,399.0
2022-02-01,PASS,335,0.1,PASS,34.0,2023-02-07,SURVIVED,13068.498502290102,30.684985022901024,2.0799474672984264,371.0
2022-03-01,PASS,307,0.1,PASS,34.0,2023-02-07,SURVIVED,13068.498502290102,30.684985022901024,2.0799474672984264,343.0
2022-04-01,PASS,276,0.1,PASS,34.0,2023-02-07,SURVIVED,13068.498502290102,30.684985022901024,2.0799474672984264,312.0
2022-05-01,PASS,245,0.1,PASS,34.0,2023-02-07,SURVIVED,13068.498502290102,30.684985022901024,2.0799474672984264,282.0
2022-06-01,PASS,215,0.1,PASS,34.0,2023-02-07,SURVIVED,13068.498502290102,30.684985022901024,2.0799474672984264,251.0
2022-07-01,PASS,175,0.1,PASS,39.0,2023-02-04,SURVIVED,12668.688009894133,26.686880098941334,2.021670233947148,218.0
2022-08-01,PASS,144,0.1,PASS,39.0,2023-02-04,SURVIVED,12668.688009894133,26.686880098941334,2.021670233947148,187.0
2022-09-01,PASS,123,0.1,PASS,34.0,2023-02-07,SURVIVED,13068.498502290102,30.684985022901024,2.0799474672984264,159.0
2022-10-01,PASS,91,0.1,PASS,34.0,2023-02-07,SURVIVED,13068.498502290102,30.684985022901024,2.0799474672984264,129.0
2022-11-01,PASS,62,0.1,PASS,34.0,2023-02-07,SURVIVED,13068.498502290102,30.684985022901024,2.0799474672984264,98.0
2022-12-01,PASS,63,0.1,PASS,46.0,2023-03-22,SURVIVED,12403.58850229014,24.035885022901393,1.6707319109609875,111.0
2023-01-01,PASS,71,0.1,PASS,20.0,2023-04-05,SURVIVED,11510.810680687993,15.108106806879928,1.0881979598593272,94.0
2023-02-01,PASS,58,0.1,PASS,32.0,2023-05-06,SURVIVED,10240.63352285493,2.4063352285493167,0.18307809267525954,94.0
2023-03-01,PASS,21,0.1,PASS,36.0,2023-04-29,SURVIVED,10891.653522854931,8.916535228549316,0.7143029854790317,59.0
2023-04-01,PASS,226,0.1,OPEN,776.0,,,,,,
2023-05-01,PASS,198,0.1,OPEN,776.0,,,,,,
2023-06-01,PASS,167,0.1,OPEN,776.0,,,,,,
2023-07-01,PASS,135,0.1,OPEN,776.0,,,,,,
2023-08-01,PASS,107,0.1,OPEN,775.0,,,,,,
2023-09-01,PASS,76,0.1,OPEN,775.0,,,,,,
2023-10-01,PASS,46,0.1,OPEN,772.0,,,,,,
2023-11-01,PASS,16,0.1,OPEN,772.0,,,,,,
2023-12-01,OPEN,761,0.1,,,,,,,,
2024-01-01,OPEN,729,0.1,,,,,,,,
2024-02-01,OPEN,699,0.1,,,,,,,,
2024-03-01,OPEN,670,0.1,,,,,,,,
2024-04-01,OPEN,639,0.1,,,,,,,,
2024-05-01,OPEN,609,0.1,,,,,,,,
2024-06-01,OPEN,576,0.1,,,,,,,,
2024-07-01,FAIL,217,0.1,,,,,,,,
2024-08-01,FAIL,186,0.1,,,,,,,,
2024-09-01,FAIL,154,0.1,,,,,,,,
2024-10-01,FAIL,125,0.1,,,,,,,,
2024-11-01,FAIL,94,0.1,,,,,,,,
2024-12-01,FAIL,63,0.1,,,,,,,,
2025-01-01,FAIL,33,0.1,,,,,,,,
2025-02-01,OPEN,331,0.1,,,,,,,,
2025-03-01,OPEN,303,0.1,,,,,,,,
2025-04-01,OPEN,274,0.1,,,,,,,,
2025-05-01,OPEN,244,0.1,,,,,,,,
2025-06-01,OPEN,212,0.1,,,,,,,,
2025-07-01,OPEN,183,0.1,,,,,,,,
2025-08-01,PASS,48,0.1,OPEN,103.0,,,,,,
2025-09-01,PASS,18,0.1,OPEN,100.0,,,,,,
2025-10-01,OPEN,91,0.1,,,,,,,,
2025-11-01,OPEN,58,0.1,,,,,,,,
