system,bar model,IS trades,IS R,IS DD R,IS PF,OOS trades,OOS R,OOS DD R,OOS PF
"Donchian 20 | long only | stop 2xATR | target 3R, max 60d",path,18,-5.775999999999999,5.842999999999999,0.5656489697698903,23,-5.437000000000001,10.432,0.695610793864069
"Donchian 20 | long only | stop 2xATR | trail 10d channel, max 120d",path,22,-8.783999999999999,8.850999999999997,0.348319608279546,27,-4.363999999999999,9.094999999999997,0.681110705151626
"Donchian 55 | long only | stop 2xATR | target 3R, max 60d",path,10,-3.846000000000001,6.270000000000001,0.4847266881028938,13,-2.0580000000000003,7.868,0.800697269029634
"Donchian 55 | long only | stop 2xATR | trail 27d channel, max 120d",path,9,-3.7730000000000006,6.270000000000001,0.4905482041587901,11,-0.9519999999999997,5.451999999999999,0.8796460176991151
"Momentum 63d | long only | stop 3xATR | target 3R, exit on signal flip, max 60d",path,38,-2.5949999999999998,3.5579999999999994,0.6825299730853929,38,-0.4009999999999994,4.196000000000001,0.9655320611999311
"Momentum 63d | long only | stop 3xATR | exit on signal flip, max 250d",path,35,-2.633,3.5579999999999994,0.6041791942272998,31,0.40800000000000036,4.183999999999999,1.0522273425499231
"Momentum 126d | long only | stop 3xATR | target 3R, exit on signal flip, max 60d",path,17,1.386,2.043,1.2793791574279378,28,-2.01,5.532,0.7303461228870405
"Momentum 126d | long only | stop 3xATR | exit on signal flip, max 250d",path,12,2.179,1.333,2.377370417193426,22,-2.904,5.976,0.5693311582381729
"Pullback RSI3 | long only | stop 1xATR | target 3R, max 5d",path,47,-3.1490000000000027,9.473999999999998,0.8758770201024834,53,14.393,8.013000000000002,1.6351160533050921
"Vol breakout 0.5ATR | long only | stop 1xATR | target 3R, max 10d",path,54,-10.732,10.732,0.7198350127917299,72,-1.5419999999999985,9.582999999999998,0.9656409456538694
"Vol breakout 0.8ATR | long only | stop 1xATR | target 3R, max 10d",path,39,-14.902000000000001,14.902000000000001,0.5026366731192844,54,2.3960000000000004,11.245,1.0693648312199644
"Donchian 20 | long + short | stop 2xATR | target 3R, max 60d",path,34,-5.430999999999998,12.529000000000002,0.773074833911336,37,-6.8660000000000005,14.264,0.7576249646992372
"Donchian 20 | long + short | stop 2xATR | trail 10d channel, max 120d",path,48,-16.265,18.259,0.40429973630237337,51,-6.696999999999998,10.095999999999998,0.7030023504368266
"Donchian 55 | long + short | stop 2xATR | target 3R, max 60d",path,26,-13.111999999999998,17.311999999999994,0.3654665118079752,26,-3.0809999999999995,11.861999999999998,0.8485176262353115
"Donchian 55 | long + short | stop 2xATR | trail 27d channel, max 120d",path,23,-11.184999999999999,17.023999999999994,0.4245807181808828,22,-1.015999999999999,8.18,0.9358626349346633
"Momentum 63d | long + short | stop 3xATR | target 3R, exit on signal flip, max 60d",path,63,-1.3609999999999995,6.25,0.9095380525091392,56,1.4660000000000004,5.368,1.1009641873278233
"Momentum 63d | long + short | stop 3xATR | exit on signal flip, max 250d",path,56,-2.0680000000000005,5.6080000000000005,0.8281249999999999,47,1.7649999999999992,5.368,1.1559187279151943
"Momentum 126d | long + short | stop 3xATR | target 3R, exit on signal flip, max 60d",path,33,9.545999999999998,2.7990000000000004,2.125840311357471,44,-1.885999999999999,9.198,0.8693905817174514
"Momentum 126d | long + short | stop 3xATR | exit on signal flip, max 250d",path,19,8.088999999999999,1.447,3.7346179851250847,33,-2.628,10.436999999999998,0.7699579831932771
"Pullback RSI3 | long + short | stop 1xATR | target 3R, max 5d",path,88,-0.6669999999999989,11.138,0.9851856787491117,101,6.323000000000002,6.621999999999998,1.1335882700921154
"Vol breakout 0.5ATR | long + short | stop 1xATR | target 3R, max 10d",path,131,-20.546,23.197,0.765902902001891,143,-3.356999999999995,13.017999999999997,0.9631778694278695
"Vol breakout 0.8ATR | long + short | stop 1xATR | target 3R, max 10d",path,89,-14.758999999999997,21.523000000000003,0.7528468082256012,111,-1.2559999999999942,19.803,0.982746304742019
"Donchian 20 | long only | stop 2xATR | target 3R, max 60d",worst,18,-5.775999999999999,5.842999999999999,0.5656489697698903,23,-5.437000000000001,10.432,0.695610793864069
"Donchian 20 | long only | stop 2xATR | trail 10d channel, max 120d",worst,22,-8.783999999999999,8.850999999999997,0.348319608279546,27,-4.363999999999999,9.094999999999997,0.681110705151626
"Donchian 55 | long only | stop 2xATR | target 3R, max 60d",worst,10,-3.846000000000001,6.270000000000001,0.4847266881028938,13,-2.0370000000000004,6.862,0.8026545243169929
"Donchian 55 | long only | stop 2xATR | trail 27d channel, max 120d",worst,9,-3.7730000000000006,6.270000000000001,0.4905482041587901,12,-2.1799999999999997,6.081999999999999,0.7553859964093357
"Momentum 63d | long only | stop 3xATR | target 3R, exit on signal flip, max 60d",worst,38,-2.5949999999999998,3.5579999999999994,0.6825299730853929,38,-0.4009999999999994,4.196000000000001,0.9655320611999311
"Momentum 63d | long only | stop 3xATR | exit on signal flip, max 250d",worst,35,-2.633,3.5579999999999994,0.6041791942272998,31,0.40800000000000036,4.183999999999999,1.0522273425499231
"Momentum 126d | long only | stop 3xATR | target 3R, exit on signal flip, max 60d",worst,17,1.386,2.043,1.2793791574279378,28,-2.01,5.532,0.7303461228870405
"Momentum 126d | long only | stop 3xATR | exit on signal flip, max 250d",worst,12,2.179,1.333,2.377370417193426,22,-2.904,5.976,0.5693311582381729
"Pullback RSI3 | long only | stop 1xATR | target 3R, max 5d",worst,47,-3.1490000000000027,9.473999999999998,0.8758770201024834,53,14.393,8.013000000000002,1.6351160533050921
"Vol breakout 0.5ATR | long only | stop 1xATR | target 3R, max 10d",worst,58,-18.67,18.67,0.5687823355506281,74,-2.924999999999998,9.515999999999998,0.9388484696437532
"Vol breakout 0.8ATR | long only | stop 1xATR | target 3R, max 10d",worst,48,-29.222,29.221999999999998,0.29722709891537,68,-21.650999999999996,28.237000000000013,0.5717591676885952
"Donchian 20 | long + short | stop 2xATR | target 3R, max 60d",worst,34,-5.430999999999998,12.529000000000002,0.773074833911336,37,-6.8660000000000005,14.264,0.7576249646992372
"Donchian 20 | long + short | stop 2xATR | trail 10d channel, max 120d",worst,48,-16.265,18.259,0.40429973630237337,52,-8.555,11.681999999999999,0.6367766314269945
"Donchian 55 | long + short | stop 2xATR | target 3R, max 60d",worst,26,-13.111999999999998,17.311999999999994,0.3654665118079752,26,-3.0600000000000005,11.86,0.8495279307631785
"Donchian 55 | long + short | stop 2xATR | trail 27d channel, max 120d",worst,23,-11.184999999999999,17.023999999999994,0.4245807181808828,24,-4.288,10.411999999999999,0.7597355297809155
"Momentum 63d | long + short | stop 3xATR | target 3R, exit on signal flip, max 60d",worst,63,-1.3609999999999995,6.25,0.9095380525091392,56,1.4660000000000004,5.368,1.1009641873278233
"Momentum 63d | long + short | stop 3xATR | exit on signal flip, max 250d",worst,56,-2.0680000000000005,5.6080000000000005,0.8281249999999999,47,1.7649999999999992,5.368,1.1559187279151943
"Momentum 126d | long + short | stop 3xATR | target 3R, exit on signal flip, max 60d",worst,33,9.545999999999998,2.7990000000000004,2.125840311357471,44,-1.885999999999999,9.198,0.8693905817174514
"Momentum 126d | long + short | stop 3xATR | exit on signal flip, max 250d",worst,19,8.088999999999999,1.447,3.7346179851250847,33,-2.628,10.436999999999998,0.7699579831932771
"Pullback RSI3 | long + short | stop 1xATR | target 3R, max 5d",worst,88,-0.6669999999999989,11.138,0.9851856787491117,101,6.323000000000002,6.621999999999998,1.1335882700921154
"Vol breakout 0.5ATR | long + short | stop 1xATR | target 3R, max 10d",worst,141,-33.87599999999999,35.207,0.6572157124643312,148,-6.659999999999998,13.065999999999992,0.9308095079787235
"Vol breakout 0.8ATR | long + short | stop 1xATR | target 3R, max 10d",worst,111,-55.370000000000005,55.37000000000005,0.38803479260380863,141,-55.07299999999999,55.07300000000003,0.499095018508918
