signal_date,entry_date,exit_date,days_held,type,lots,risk_usd,entry_price,stop_pips,exit_price,exit_reason,pips,r_gross,mfe_r,mae_r,gross_pnl,commission,swap,net_pnl,r_net,balance
2018-05-24,2018-05-25,2018-06-07,10,SELL,0.04,98.96,1.17215,247.4,1.17755,SIGNAL FLIP,-54.0,-0.218,0.85,0.304,-21.6,0.2,0.0,-21.8,-0.22,9978.2
2018-06-07,2018-06-08,2018-06-12,3,BUY,0.03,80.91,1.17999,269.7,1.17839,SIGNAL FLIP,-16.0,-0.059,0.08,0.27,-4.8,0.15,-0.72,-5.67,-0.07,9972.53
2018-06-12,2018-06-13,2018-06-14,2,SELL,0.03,77.52,1.17451,258.4,1.17923,SIGNAL FLIP,-47.2,-0.183,0.074,0.224,-14.16,0.15,0.0,-14.31,-0.185,9958.22
2018-06-14,2018-06-15,2018-09-06,60,SELL,0.03,89.97,1.15674,299.9,1.16255,TIME,-58.1,-0.194,0.885,0.751,-17.43,0.15,0.0,-17.58,-0.195,9940.64
2018-09-06,2018-09-07,2018-11-29,60,SELL,0.04,95.35,1.16232,238.4,1.1395,TIME,228.2,0.957,1.706,0.811,91.28,0.2,0.0,91.08,0.955,10031.72
2018-11-29,2018-11-30,2019-02-25,60,SELL,0.04,96.5,1.13934,241.2,1.1358,TIME,35.4,0.147,0.655,0.736,14.16,0.2,0.0,13.96,0.145,10045.68
2019-02-25,2019-02-26,2019-05-20,60,SELL,0.05,89.69,1.13575,179.4,1.11666,TIME,190.9,1.064,1.362,0.512,95.45,0.25,0.0,95.2,1.061,10140.88
2019-05-20,2019-05-21,2019-06-07,14,SELL,0.06,87.82,1.11663,146.4,1.13127,STOP,-146.4,-1.0,0.395,0.982,-87.82,0.3,0.0,-88.12,-1.003,10052.76
2019-06-07,2019-06-10,2019-06-11,2,BUY,0.05,89.27,1.13225,178.5,1.13116,SIGNAL FLIP,-10.9,-0.061,0.05,0.179,-5.45,0.25,-0.3,-6.0,-0.067,10046.76
2019-06-11,2019-06-12,2019-06-24,9,SELL,0.05,85.2,1.13262,170.4,1.13705,SIGNAL FLIP,-44.3,-0.26,0.846,0.309,-22.15,0.25,0.0,-22.4,-0.263,10024.36
2019-06-24,2019-06-25,2019-06-28,4,SELL,0.05,91.63,1.13988,183.3,1.13703,SIGNAL FLIP,28.5,0.156,0.29,0.08,14.25,0.25,0.0,14.0,0.153,10038.36
2019-06-28,2019-07-01,2019-09-20,60,SELL,0.05,85.95,1.13672,171.9,1.10206,TIME,346.6,2.016,2.56,0.029,173.3,0.25,0.0,173.05,2.013,10211.41
2019-09-20,2019-09-23,2019-10-21,21,SELL,0.05,96.67,1.10102,193.3,1.11624,SIGNAL FLIP,-152.2,-0.787,0.672,0.837,-76.1,0.25,0.0,-76.35,-0.79,10135.06
2019-10-21,2019-10-22,2019-10-23,2,BUY,0.05,84.71,1.11504,169.4,1.11254,SIGNAL FLIP,-25.0,-0.148,0.038,0.192,-12.5,0.25,-0.3,-13.05,-0.154,10122.01
2019-10-23,2019-10-24,2020-01-17,60,SELL,0.06,96.63,1.11313,161.1,1.10908,TIME,40.5,0.251,0.925,0.805,24.3,0.3,0.0,24.0,0.248,10146.01
2020-01-17,2020-01-20,2020-02-28,30,SELL,0.07,101.25,1.10932,144.6,1.10056,SIGNAL FLIP,87.6,0.606,2.171,0.178,61.32,0.35,0.0,60.97,0.602,10206.98
2020-02-28,2020-03-02,2020-03-18,13,BUY,0.05,86.8,1.10466,173.6,1.09981,SIGNAL FLIP,-48.5,-0.279,2.587,0.526,-24.25,0.25,-4.8,-29.3,-0.338,10177.68
2020-03-18,2020-03-19,2020-03-27,7,SELL,0.02,80.06,1.09115,400.3,1.10336,SIGNAL FLIP,-122.1,-0.305,0.685,0.37,-24.42,0.1,0.0,-24.52,-0.306,10153.16
2020-03-27,2020-03-30,2020-04-02,4,BUY,0.02,94.78,1.11197,473.9,1.09655,SIGNAL FLIP,-154.2,-0.325,0.052,0.458,-30.84,0.1,-0.36,-31.3,-0.33,10121.86
2020-04-02,2020-04-03,2020-05-29,41,SELL,0.02,91.51,1.08577,457.6,1.10738,SIGNAL FLIP,-216.1,-0.472,0.283,0.518,-43.22,0.1,0.0,-43.32,-0.473,10078.54
2020-05-29,2020-06-01,2020-07-31,45,BUY,0.03,75.68,1.1121,252.3,1.18778,TARGET,756.8,3.0,3.0,0.08,227.03,0.15,-10.8,216.08,2.855,10294.62
2020-07-31,2020-08-03,2020-10-23,60,BUY,0.03,83.14,1.17756,277.1,1.18612,TIME,85.6,0.309,0.85,0.588,25.68,0.15,-14.58,10.95,0.132,10305.57
2020-10-23,2020-10-26,2020-10-30,5,BUY,0.04,84.59,1.18559,211.5,1.16444,STOP,-211.5,-1.0,0.021,0.973,-84.59,0.2,-0.96,-85.75,-1.014,10219.82
2020-10-30,2020-11-02,2020-12-30,42,BUY,0.04,85.03,1.1647,212.6,1.22847,TARGET,637.7,3.0,3.0,0.207,255.08,0.2,-13.92,240.96,2.834,10460.77
2020-12-30,2020-12-31,2021-01-15,11,BUY,0.04,86.38,1.22964,216.0,1.20804,STOP,-216.0,-1.0,0.244,0.857,-86.38,0.2,-3.6,-90.18,-1.044,10370.59
2021-01-15,2021-01-18,2021-03-08,36,BUY,0.04,94.33,1.20854,235.8,1.18496,STOP,-235.8,-1.0,0.667,0.814,-94.33,0.2,-11.76,-106.29,-1.127,10264.3
2021-03-08,2021-03-09,2021-03-31,17,BUY,0.04,91.7,1.18486,229.3,1.17183,SIGNAL FLIP,-130.3,-0.568,0.616,0.596,-52.12,0.2,-5.28,-57.6,-0.628,10206.7
2021-03-31,2021-04-01,2021-04-02,2,BUY,0.05,100.94,1.17306,201.9,1.17766,SIGNAL FLIP,46.0,0.228,0.245,0.086,23.0,0.25,-0.3,22.45,0.222,10229.15
2021-04-02,2021-04-05,2021-06-14,51,BUY,0.05,97.71,1.17594,195.4,1.21082,SIGNAL FLIP,348.8,1.785,2.594,0.109,174.4,0.25,-21.0,153.15,1.567,10382.3
2021-06-14,2021-06-15,2021-09-06,60,SELL,0.05,93.29,1.21202,186.6,1.18702,TIME,250.0,1.34,2.439,0.151,125.0,0.25,0.0,124.75,1.337,10507.05
2021-09-06,2021-09-07,2021-09-24,14,SELL,0.07,100.42,1.18701,143.5,1.17399,SIGNAL FLIP,130.2,0.908,1.294,0.112,91.14,0.35,0.0,90.79,0.904,10597.84
2021-09-24,2021-09-27,2021-11-17,38,SELL,0.07,103.81,1.17265,148.3,1.12816,TARGET,444.9,3.0,3.0,0.007,311.42,0.35,0.0,311.07,2.997,10908.91
2021-11-17,2021-11-18,2022-02-09,60,SELL,0.05,95.08,1.13223,190.2,1.14246,TIME,-102.3,-0.538,1.05,0.85,-51.15,0.25,0.0,-51.4,-0.541,10857.51
2022-02-09,2022-02-10,2022-04-14,46,SELL,0.05,107.76,1.14236,215.5,1.07771,TARGET,646.5,3.0,3.0,0.335,323.27,0.25,0.0,323.02,2.998,11180.53
2022-04-14,2022-04-15,2022-07-07,60,SELL,0.04,110.91,1.0831,277.3,1.01624,TIME,668.6,2.411,2.473,0.383,267.44,0.2,0.0,267.24,2.41,11447.77
2022-07-07,2022-07-08,2022-09-29,60,SELL,0.03,94.62,1.01629,315.4,0.98143,TIME,348.6,1.105,1.98,0.654,104.58,0.15,0.0,104.43,1.104,11552.2
2022-09-29,2022-09-30,2022-11-10,30,SELL,0.03,114.0,0.9813,380.0,1.0193,STOP,-380.0,-1.0,0.473,0.748,-114.0,0.15,0.0,-114.15,-1.001,11438.06
2022-11-10,2022-11-11,2022-12-07,19,SELL,0.02,80.89,1.02056,404.4,1.04673,SIGNAL FLIP,-261.7,-0.647,0.102,0.965,-52.34,0.1,0.0,-52.44,-0.648,11385.62
2022-12-07,2022-12-08,2022-12-12,3,BUY,0.03,104.03,1.0507,346.8,1.05339,SIGNAL FLIP,26.9,0.078,0.234,0.05,8.07,0.15,-0.72,7.2,0.069,11392.82
2022-12-12,2022-12-13,2023-03-06,60,BUY,0.03,97.09,1.05392,323.6,1.06833,TIME,144.1,0.445,1.526,0.172,43.23,0.15,-14.94,28.14,0.29,11420.96
2023-03-06,2023-03-07,2023-05-29,60,BUY,0.04,96.58,1.06808,241.4,1.07092,TIME,28.4,0.118,1.717,0.68,11.36,0.2,-19.92,-8.76,-0.091,11412.2
2023-05-29,2023-05-30,2023-07-28,44,BUY,0.05,99.36,1.07104,198.7,1.09789,SIGNAL FLIP,268.5,1.351,2.845,0.378,134.25,0.25,-17.7,116.3,1.17,11528.5
2023-07-28,2023-07-31,2023-08-25,20,BUY,0.04,97.77,1.1025,244.4,1.07806,STOP,-244.4,-1.0,0.163,0.91,-97.77,0.2,-6.0,-103.97,-1.063,11424.53
2023-08-25,2023-08-28,2023-09-06,8,BUY,0.05,107.42,1.07986,214.8,1.07222,SIGNAL FLIP,-76.4,-0.356,0.684,0.429,-38.2,0.25,-2.7,-41.15,-0.383,11383.38
2023-09-06,2023-09-07,2023-09-08,2,SELL,0.05,111.13,1.07277,222.3,1.06985,SIGNAL FLIP,29.2,0.131,0.181,0.023,14.6,0.25,0.0,14.35,0.129,11397.73
2023-09-08,2023-09-11,2023-09-14,4,BUY,0.05,105.63,1.07173,211.3,1.07291,SIGNAL FLIP,11.8,0.056,0.244,0.055,5.9,0.25,-0.9,4.75,0.045,11402.48
2023-09-14,2023-09-15,2023-11-14,43,SELL,0.05,107.65,1.06429,215.3,1.08582,STOP,-215.3,-1.0,0.899,0.531,-107.65,0.25,0.0,-107.9,-1.002,11294.58
2023-11-14,2023-11-15,2023-12-07,17,BUY,0.04,93.19,1.08818,233.0,1.07643,SIGNAL FLIP,-117.5,-0.504,0.581,0.528,-47.0,0.2,-5.28,-52.48,-0.563,11242.1
2023-12-07,2023-12-08,2023-12-14,5,SELL,0.05,104.76,1.07937,209.5,1.10032,STOP,-209.5,-1.0,0.329,0.496,-104.76,0.25,0.0,-105.01,-1.002,11137.09
2023-12-14,2023-12-15,2023-12-18,2,BUY,0.04,92.24,1.09955,230.6,1.09001,SIGNAL FLIP,-95.4,-0.414,0.036,0.462,-38.16,0.2,-0.72,-39.08,-0.424,11098.01
2023-12-18,2023-12-19,2023-12-21,3,BUY,0.04,92.01,1.09247,230.0,1.09435,SIGNAL FLIP,18.8,0.082,0.272,0.042,7.52,0.2,-0.48,6.84,0.074,11104.85
2023-12-21,2023-12-22,2024-01-03,8,BUY,0.04,90.01,1.10125,225.0,1.09365,SIGNAL FLIP,-76.0,-0.338,0.564,0.329,-30.4,0.2,-2.88,-33.48,-0.372,11071.37
2024-01-03,2024-01-04,2024-02-21,35,SELL,0.04,90.46,1.09205,226.2,1.08072,SIGNAL FLIP,113.3,0.501,0.993,0.353,45.32,0.2,0.0,45.12,0.499,11116.49
2024-02-21,2024-02-22,2024-02-23,2,BUY,0.06,106.49,1.08215,177.5,1.0823,SIGNAL FLIP,1.5,0.008,0.367,0.104,0.9,0.3,-0.36,0.24,0.002,11116.73
2024-02-23,2024-02-26,2024-02-27,2,SELL,0.06,105.33,1.08332,175.6,1.08545,SIGNAL FLIP,-21.3,-0.121,0.111,0.157,-12.78,0.3,0.0,-13.08,-0.124,11103.65
2024-02-27,2024-02-28,2024-04-12,33,BUY,0.06,100.64,1.08454,167.7,1.06777,STOP,-167.7,-1.0,0.81,0.872,-100.64,0.3,-15.84,-116.78,-1.16,10986.87
2024-04-12,2024-04-15,2024-05-01,13,BUY,0.05,92.4,1.06373,184.8,1.06661,SIGNAL FLIP,28.8,0.156,0.626,0.196,14.4,0.25,-4.8,9.35,0.101,10996.22
2024-05-01,2024-05-02,2024-05-03,2,SELL,0.05,92.62,1.07067,185.2,1.07283,SIGNAL FLIP,-21.6,-0.117,0.17,0.133,-10.8,0.25,0.0,-11.05,-0.119,10985.17
2024-05-03,2024-05-06,2024-05-10,5,BUY,0.05,94.88,1.07636,189.8,1.07815,SIGNAL FLIP,17.9,0.094,0.144,0.208,8.95,0.25,-1.2,7.5,0.079,10992.67
2024-05-10,2024-05-13,2024-05-31,15,SELL,0.06,99.72,1.07743,166.2,1.08305,SIGNAL FLIP,-56.2,-0.338,0.045,0.733,-33.72,0.3,0.0,-34.02,-0.341,10958.65
2024-05-31,2024-06-03,2024-06-10,6,BUY,0.07,108.03,1.08497,154.3,1.07761,SIGNAL FLIP,-73.6,-0.477,0.431,0.324,-51.52,0.35,-2.94,-54.81,-0.507,10903.84
2024-06-10,2024-06-11,2024-07-15,25,SELL,0.06,101.14,1.07653,168.6,1.08877,SIGNAL FLIP,-122.4,-0.726,0.583,0.871,-73.44,0.3,0.0,-73.74,-0.729,10830.1
2024-07-15,2024-07-16,2024-07-17,2,SELL,0.07,105.19,1.08945,150.3,1.08983,SIGNAL FLIP,-3.8,-0.025,0.146,0.152,-2.66,0.35,0.0,-3.01,-0.029,10827.09
2024-07-17,2024-07-18,2024-07-25,6,BUY,0.07,104.92,1.09415,149.9,1.08401,SIGNAL FLIP,-101.4,-0.677,0.008,0.771,-70.98,0.35,-2.94,-74.27,-0.708,10752.82
2024-07-25,2024-07-26,2024-07-29,2,BUY,0.07,98.28,1.08468,140.4,1.08573,SIGNAL FLIP,10.5,0.075,0.152,0.033,7.35,0.35,-1.26,5.74,0.058,10758.56
2024-07-29,2024-07-30,2024-10-21,60,BUY,0.07,98.44,1.08232,140.6,1.08146,TIME,-8.6,-0.061,2.778,0.324,-6.02,0.35,-34.86,-41.23,-0.419,10717.33
2024-10-21,2024-10-22,2024-11-07,13,BUY,0.06,102.78,1.08152,171.3,1.07288,SIGNAL FLIP,-86.4,-0.504,0.726,0.775,-51.84,0.3,-5.76,-57.9,-0.563,10659.43
2024-11-07,2024-11-08,2025-01-30,60,SELL,0.04,90.56,1.08044,226.4,1.03933,TIME,411.1,1.816,2.764,0.019,164.44,0.2,0.0,164.24,1.814,10823.67
2025-01-30,2025-01-31,2025-03-05,24,SELL,0.04,99.34,1.03918,248.3,1.06401,STOP,-248.3,-1.0,0.724,0.953,-99.34,0.2,0.0,-99.54,-1.002,10724.13
2025-03-05,2025-03-06,2025-04-03,21,SELL,0.03,83.28,1.07915,277.6,1.10691,STOP,-277.6,-1.0,0.205,0.591,-83.28,0.15,0.0,-83.43,-1.002,10640.7
2025-04-03,2025-04-04,2025-04-08,3,BUY,0.03,91.03,1.10505,303.4,1.09055,SIGNAL FLIP,-145.0,-0.478,0.189,0.562,-43.5,0.15,-0.72,-44.37,-0.487,10596.33
2025-04-08,2025-04-09,2025-07-01,60,BUY,0.03,99.83,1.09589,332.8,1.18058,TIME,846.9,2.545,2.617,0.136,254.07,0.15,-14.94,238.98,2.394,10835.31
2025-07-01,2025-07-02,2025-07-29,20,BUY,0.04,104.26,1.18055,260.6,1.15449,STOP,-260.6,-1.0,0.018,0.954,-104.26,0.2,-6.48,-110.94,-1.064,10724.37
2025-07-29,2025-07-30,2025-10-21,60,BUY,0.04,104.17,1.15485,260.4,1.15996,TIME,51.1,0.196,1.422,0.602,20.44,0.2,-19.92,0.32,0.003,10724.69
2025-10-21,2025-10-22,2025-12-25,47,BUY,0.05,102.17,1.16005,204.3,1.17768,SIGNAL FLIP,176.3,0.863,1.015,0.644,88.15,0.25,-19.2,68.7,0.672,10793.39
2025-12-25,2025-12-26,2025-12-29,2,SELL,0.07,103.9,1.17866,148.4,1.177,SIGNAL FLIP,16.6,0.112,0.162,0.075,11.62,0.35,0.0,11.27,0.108,10804.66
2025-12-29,2025-12-30,2025-12-31,2,SELL,0.07,100.42,1.17699,143.5,1.17495,SIGNAL FLIP,20.4,0.142,0.178,0.077,14.28,0.35,0.0,13.93,0.139,10818.59
