file,rows,sha256
data/histdata/AUDUSD/2012.csv.gz,74603,f810f67290210f411eb1afceadf63f5e0a6771321aa52e1534d234f1c32658fc
data/histdata/AUDUSD/2013.csv.gz,74388,d860124b16cf30c44f7793399d59ea04bbb17989fad68128f561b2489aad1820
data/histdata/AUDUSD/2014.csv.gz,74274,3966a4ee68dc026f14e44627c569cc11baeddd0e702502aec73fc453831ae3cb
data/histdata/AUDUSD/2015.csv.gz,74562,b6b1644ec7bf275757125ff40e2c5addc14e0647455237847cad446b925bdb3d
data/histdata/AUDUSD/2016.csv.gz,74680,a3c28f2e1c15f738024e79ecea6700c290c1343cb5431539e54e2b0f95ac84bc
data/histdata/AUDUSD/2017.csv.gz,74475,288925326d113faa17b8a8f415a5a8e9621e3140ca6fcacd78ce49473466a24d
data/histdata/AUDUSD/2018.csv.gz,74705,38f0704e6be2847107bcf40542e9fdc0edd315cfbbd2f45c8348c08f30b05f99
data/histdata/AUDUSD/2019.csv.gz,74509,d725d95c12c512a132b6498cd92c5adce29ec3b391ddab540715a2dfb8206ac8
data/histdata/AUDUSD/2020.csv.gz,74726,ee6736b84404b266031f6184dc04ad9872c8dcbabfd056280ba8b48d3a99fd6f
data/histdata/AUDUSD/2021.csv.gz,74598,55f32a77ca9befb8e40b2ff5836f4fe5abfa0baa56e3c962b19a607207b3834c
data/histdata/AUDUSD/2022.csv.gz,74792,b3ef5fc666210f423459c9f780f5e33580a1e9dbe60bed958e66014f3a24c0a4
data/histdata/AUDUSD/2023.csv.gz,64834,1fd244235ebd31475c60978d82711dd54366904d6e4f3e385837d97fcf93f38b
data/histdata/AUDUSD/2024.csv.gz,74713,703728be773d332d02ddf8c60b61befab75ddc1130642a005e49f10e2cf5256d
data/histdata/AUDUSD/2025.csv.gz,74664,ab2fc960e9ce1438455b917e7b63b5f20bf0b3015d3a79b6e1d88866d1e5853e
data/histdata/AUDUSD/2026.csv.gz,54644,659f9b44ad2b17b5c18650878ef57763ebd695d04914c168aa0cc8ac7b8b3bd1
data/histdata/EURHUF/2012.csv.gz,69198,a38898762e2cb91826514292dbc50347494966ac5e8e2f220483fc5605c743d9
data/histdata/EURHUF/2013.csv.gz,67486,6a04893a90ea2f2126d245f469ada0ee2df76e242a94be105e1d82f5272c0076
data/histdata/EURHUF/2014.csv.gz,70100,1e2de22b35d53441645f534afd25371152530d8a14d7d2602b9ed9dabd7611b3
data/histdata/EURHUF/2015.csv.gz,73125,9c71241b83aca815bb3e0515ae6d30bb9d9edd6a92fdeb35b62e84cef5e05788
data/histdata/EURHUF/2016.csv.gz,73294,b8a2fa12af3213f8086472200d74baec82bed3c5b343de014e3f60ea1d022e28
data/histdata/EURHUF/2017.csv.gz,73821,132a7089c81b5fb21cad1ec2856ed6adf566be606f4aefbb06362e36bcc3b71f
data/histdata/EURHUF/2018.csv.gz,72172,83cd654fb6860d6957744224935238f67e5561e7ce4c2ac6e15c141cf579b3af
data/histdata/EURHUF/2019.csv.gz,46093,fc3682d504a38009e981aeac77315f99c2f37a3a206c3e277c8be4bf02937d4a
data/histdata/EURHUF/2020.csv.gz,46023,7b74248c8c09f777700ba15b1f638dea56a5938475b38d6b38f9503bca3c7345
data/histdata/EURHUF/2021.csv.gz,46135,b01aed64cec51086f5203cc5bc14c120eba7a26701f6e824d6c94ad76f5e4cfa
data/histdata/EURHUF/2022.csv.gz,46257,0e54eba68a19493fc660b2deb22917968b029fbf547b654b7662b894972d303a
data/histdata/EURHUF/2023.csv.gz,38730,7c2f0663c4227f6e389ee21dbae48ebc4ad0b0ff952810cc03a836d9dbe7cd32
data/histdata/EURHUF/2024.csv.gz,46708,f0e98c792fa37c4b666d34e6596b247e09a92b780227a4c6af94ee6617ae4035
data/histdata/EURHUF/2025.csv.gz,46617,9981bec24e4509d91299645970bd5feeb3c1f01bab51adf57fc835beb01367cb
data/histdata/EURHUF/2026.csv.gz,34199,56c9da1c1fca08f2ddd9ac64ac2d7f843e7b2915bb024cce4a0e72b4adeb3cce
data/histdata/EURNOK/2012.csv.gz,73511,31bc6f93e52e2566da805f001f8af982f7c5fa81ab9a276be7a9439e2595a9fd
data/histdata/EURNOK/2013.csv.gz,72398,41c4347927504777e326b47e32698422f81dc2f0dbb2dbb2c5891e80a2fc8760
data/histdata/EURNOK/2014.csv.gz,73614,48f7f4117022f04ff428f17010af04c907ab262da9dedadc7ddbea6f003f725e
data/histdata/EURNOK/2015.csv.gz,74286,977fce3510c80e983b4baa3c33866fe6aebcce6ecb83d45d7135451ec4b2a71b
data/histdata/EURNOK/2016.csv.gz,74520,240cc426db12943f8907a50ef89176e17de77ee18a51b9bd5e52d31e7c99decb
data/histdata/EURNOK/2017.csv.gz,74371,80cd645b4bd9e4d425c4e355b0c7fa4372ba1d14e499ffea8f660dad014691d7
data/histdata/EURNOK/2018.csv.gz,74198,35a8f8da13e3e9342a1e57dbdd516236165d4c1ddb07849afec3baf98e7b4aa2
data/histdata/EURNOK/2019.csv.gz,74268,8776dba622aac30d6b823dc80f74e57c151c4ad59fe8a3da66016f08162fbc8a
data/histdata/EURNOK/2020.csv.gz,73870,d10622bf24fd086b339842320550e64bc2d67a1f3dd08c96d24c29c53814d0c4
data/histdata/EURNOK/2021.csv.gz,73271,59199dab0fb9200dbb4a55301d764121d1242b5ca3466ef199ab45a2fb28ff95
data/histdata/EURNOK/2022.csv.gz,74330,5db2651cabe427effd400734212b279d33c80d124d6e9e0fbb225e9e0c80c095
data/histdata/EURNOK/2023.csv.gz,64402,9d24492f5ecb0dfc5685fbdf75bdcb86f43a7c2a412145207d7cf4c7fb699c2e
data/histdata/EURNOK/2024.csv.gz,74497,3d7f31feedb2eb0734ff0fd41660a5ec5f1168dd2ab7f7eb3dc301624e88af9a
data/histdata/EURNOK/2025.csv.gz,74556,f9d2ea1273ec5f444dcf09b69a7cbb029415f357a51b2fd479cd705fede9e98d
data/histdata/EURNOK/2026.csv.gz,54539,fbf0ef158de3a685fe13567771762cc675c3630eaaa86e712f8014aef60f262f
data/histdata/EURPLN/2012.csv.gz,69396,171a3a4b73611a7d1e42df9443e8dc82a1b6113e7ccf1cbe26ce58d946698eee
data/histdata/EURPLN/2013.csv.gz,69840,399c27261ad16c5e166774093b267a9b1a5898d6a797f34750a686fe4859efb8
data/histdata/EURPLN/2014.csv.gz,68435,6add41c75891c4cf6425e006a71a3ba922181b41a2ff91b11135f6f93f58c7a0
data/histdata/EURPLN/2015.csv.gz,73052,37695f724cea1d88c834fd70fa7c835a1b5e631a6b3f594d98118696a2ea7cc7
data/histdata/EURPLN/2016.csv.gz,73794,1e16a2c4f1c5184d503991d5a31c97658809ff3f388a0e9bbda0647e153c6b84
data/histdata/EURPLN/2017.csv.gz,72243,c7f08e007a1be0da0fead95e3b5749a05a98b209d9a9e52ed323449ee3f12c54
data/histdata/EURPLN/2018.csv.gz,74016,ca45afe4cbdb7b24b2ef70483038ea2174f96db668e0e3982d8c4f682c74e9bb
data/histdata/EURPLN/2019.csv.gz,74352,8cc99a28413ff940bb39ccbf049cf27f3cbc762ea2032619a080859a974cfff1
data/histdata/EURPLN/2020.csv.gz,72799,6db1e2e24eb84903b425881213e97d5b81dde7879c44eee93618309d10d2382d
data/histdata/EURPLN/2021.csv.gz,70275,3f93ad5280c3599cec317991ca7484adaa48bb481d04b9f5fad4408ae307c4d7
data/histdata/EURPLN/2022.csv.gz,71991,b67ec38264aa3cbbe6fe805875ed5b7e23936d99b461d482f4cb08eba87ee8bb
data/histdata/EURPLN/2023.csv.gz,63725,de9b26d4c7bca21b6f6f48e5c0a5bb57ef9da254a184e2b6eaddb9ed93918b57
data/histdata/EURPLN/2024.csv.gz,73541,84762ced98765f8e40d1d8ee7492e107fe7b34288dec92bcb5fba122e0c61353
data/histdata/EURPLN/2025.csv.gz,74344,98ca0d5fdd010938d590ed7546eee674067550e161e257820e5387af537bdb4b
data/histdata/EURPLN/2026.csv.gz,54418,3ea277ef08629a92ad97b84bdfb890eecf9aa4d8bdb10e1712435c183a511444
data/histdata/EURSEK/2012.csv.gz,73230,4e4208f7cf61da5e9ffe794e9482697dd1d6452538f3fc76efdccb8c48d871f2
data/histdata/EURSEK/2013.csv.gz,72699,407f58ffe2da367fd1108402ba64c0bf78fe3b30e97836934c06c54db9bb0540
data/histdata/EURSEK/2014.csv.gz,73600,3dc17dd140192c09d78fffd720fb6b50f1dc46253105ceb9bb3c498c37a8a910
data/histdata/EURSEK/2015.csv.gz,73868,e37dc5867d30db86f6fa5383f5b271d161c0e379b0110f1db14f05996708adf2
data/histdata/EURSEK/2016.csv.gz,73941,3667f914ec51b15bc0253b280883d578790ffad26cf7efc2e386b90f953b9142
data/histdata/EURSEK/2017.csv.gz,73770,d98feb3d82d6884620652e4987d3bd34415d91d248b7c96918c4ff5fa4e2e785
data/histdata/EURSEK/2018.csv.gz,74202,0a9c3b9bda95605bf3d2ca8ddb5812de2b021b4c59c4f3c0ded754e638ad36e6
data/histdata/EURSEK/2019.csv.gz,74360,85ae2a3d9f9836af7f4a2cbc71022e2a1b412b4bbec1f4c1d2553853bcfae511
data/histdata/EURSEK/2020.csv.gz,73669,aa12f26705c1acfad914c41971569169bd98a83ae0709d0387fe6fa87ac9894f
data/histdata/EURSEK/2021.csv.gz,73084,d424e894e15ec598e0ea00415cf4307837c07a9f54d3e30a79888e03b02e6d96
data/histdata/EURSEK/2022.csv.gz,74125,f8c3a8bcb1e208a4901dc7fe63a515ce325e38623e3468d0a4692066d2ea8510
data/histdata/EURSEK/2023.csv.gz,64494,e77c700641a24ac93a6124d49856aec2ba4ed16a24312f281de311fa14544ca4
data/histdata/EURSEK/2024.csv.gz,74322,3e1dc200d049187689bcf739099272fc298c3a298fff43b21ea36024a3a63cac
data/histdata/EURSEK/2025.csv.gz,74458,f12cbb541c8a94ef11e025c7ffb960378fa7a06277f51787ebd16ec37d097afa
data/histdata/EURSEK/2026.csv.gz,54634,d7759442963258840d84e1d6e8af55a8225cd126273e6baabe12d36154c41ca9
data/histdata/EURUSD/2012.csv.gz,74603,4685e6b7f9cbf4e026a38c863ec6b8b16e362e1de33c13235904d0385a2677bd
data/histdata/EURUSD/2013.csv.gz,74389,9ee962793fdff97c1fbc6b2fc5c622c2085f95e9eaaf00639f4ee0e0d3f06d14
data/histdata/EURUSD/2014.csv.gz,74274,d9129e8755619493eb7dd45339157a0cc68fce89313c2f28bbf43e0fd29ce8aa
data/histdata/EURUSD/2015.csv.gz,74560,ada49a64b47d799161cdd01bf9f2e78373be60c263623a6a70d25c275ba39e4a
data/histdata/EURUSD/2016.csv.gz,74677,7b4b677c4f52ea8b2d6c3ca1442ba55e90257f0a1607f9548dba2f237855bac8
data/histdata/EURUSD/2017.csv.gz,74483,ebf56f378163a14b30dae28787b557ddca38c810e451b6e3acad73543f991cb0
data/histdata/EURUSD/2018.csv.gz,74707,b9f1cfdd4d9a14d47171cd2db0a9aa733aa9a175dda360b244df0799f4cf7098
data/histdata/EURUSD/2019.csv.gz,74544,95707d7591583c7c51d7d22fad1bf9efe6e68ffdebe71b314ac76e5c54ccaed8
data/histdata/EURUSD/2020.csv.gz,74744,a3dab81376a2139d66bc621034e258f9c30c0834a634c34b93052782dea7a41e
data/histdata/EURUSD/2021.csv.gz,74611,b8bbf504fa9f135511f5d475a0c1167cfb448e793321588c7dfeaabcdb17c1f1
data/histdata/EURUSD/2022.csv.gz,74860,1664a4f9b9754b0caa3a3c8feed9b62d93c9cf0ed74462ac939ade4ba329b5eb
data/histdata/EURUSD/2023.csv.gz,64857,f8394b61261a4cb1322ecc8e439448f98082852af21946280969d3594fabbcdf
data/histdata/EURUSD/2024.csv.gz,74888,4d3bba0670b0e640e2de677ef4de5caa1c6b768ddd78f5406b8418defd6d70a7
data/histdata/EURUSD/2025.csv.gz,74663,d87d1c1a752a4c148d050c7b05e0fbb660b7781337efc44cc39ca76fb22dfa73
data/histdata/EURUSD/2026.csv.gz,54632,c5b0da1ff88e212bd0e01eba8deb1081bb72d486a8b8529ff6370e6b57739367
data/histdata/GBPUSD/2012.csv.gz,74603,51c08f60ad46364eabf09ab076b88e0cf07df19ce64981b2d9417664a4b3d40b
data/histdata/GBPUSD/2013.csv.gz,74388,1f6c08680ae94bfabd9113297b63383de63e1848a0ff3925913fe051d261b5ab
data/histdata/GBPUSD/2014.csv.gz,74273,44650486bc3495966d6922e262b2a431617ee55e4377973928a790c9f43692e6
data/histdata/GBPUSD/2015.csv.gz,74548,f472ca09be97c368b91d3b14c04080b5efe0258339ddbbaba88cd0c95154483e
data/histdata/GBPUSD/2016.csv.gz,74677,1b9de46ee2638a97b0d29ee64d2309ad0deea5b7b8ef8d5b3df7843171fa51ff
data/histdata/GBPUSD/2017.csv.gz,74478,d4d870c6f13a32cb248cc4a19575a2d9614700bd8fac2a5913611dcae3ac7d26
data/histdata/GBPUSD/2018.csv.gz,74696,74e751c5d39d0c79b6515e89cdbc83e975a5d4b653268ab27bc9c29f36e7fb11
data/histdata/GBPUSD/2019.csv.gz,74530,d12bbf7a0474c3bc9014f65888e513182e9d5976698907a6e4e9d73d0afda4a1
data/histdata/GBPUSD/2020.csv.gz,74710,e9d3760751f0c9c92c9cf8fd88dfc30655d3b403cf1a6a2a47a12bd24d455005
data/histdata/GBPUSD/2021.csv.gz,74589,fb1e6e8cb57b7eb8c6207fd29680be515bdbd6b86201d9adb46864cbf341b1d6
data/histdata/GBPUSD/2022.csv.gz,74804,f75825324aebd85bcc89cd8fd14981b93124b1b6a11320f068b4fbe59ecbc3d1
data/histdata/GBPUSD/2023.csv.gz,64690,6b7fc800c5a317b2b358674c40223a0dbb9472ad5659745ebb3e1d2a3e626cb0
data/histdata/GBPUSD/2024.csv.gz,74876,ca445ef83ebfb19d6330137b7001944b5a20d8dcbedf355b64e49bae4020bcf9
data/histdata/GBPUSD/2025.csv.gz,74650,5fbdd6c644b77e1877c7a2814baafa0035e0520c4ea2f28d3c81445263b957b1
data/histdata/GBPUSD/2026.csv.gz,54606,8afef5b4158738fa811ba54b7ba98ae9dfe48b9b279f4f3c0b095e9d91d3d779
data/histdata/NZDUSD/2012.csv.gz,74590,863c3e5077113fd75b5971022660512eb23a435e700f49a0083116e47af41cf1
data/histdata/NZDUSD/2013.csv.gz,74372,0864bf3b1a8603a6ea6b1de3052a11f0ef8bfe7125ed05cae79100426297af1f
data/histdata/NZDUSD/2014.csv.gz,74274,b87a730eb2d625ffaad65c5f0c694572a9fa8cdb878f0958f2b22244add5e3ff
data/histdata/NZDUSD/2015.csv.gz,74554,bd8569a691129db681c1d7393596364bbd2b8826176add6e2a23fe1aae69c050
data/histdata/NZDUSD/2016.csv.gz,74677,0688934d3486af421eaec9dfc1574aa642ad634f832e878e41649654009f4d77
data/histdata/NZDUSD/2017.csv.gz,74478,25d6144cd6e575f9fcae46a4445f36965ba17aef7aba18d68d9f9b7008f0e4c5
data/histdata/NZDUSD/2018.csv.gz,74691,cb9ab868a6e5d695e30e8292d8292ca76754639fd9c17b96cf14fecbf31e0066
data/histdata/NZDUSD/2019.csv.gz,74512,7139889b4f20cedbf006a2b6413cd30ee835c20ea129d3cb9968851c022a55f5
data/histdata/NZDUSD/2020.csv.gz,74724,1c73aadd363fee631993c28cf253b07994479a060480c029764b84fe4a0591c5
data/histdata/NZDUSD/2021.csv.gz,74567,4fa1d03ce10931f4e9cb047938f687ccd6fcc3b118aebb54038abc7c189357b6
data/histdata/NZDUSD/2022.csv.gz,74729,2c972dc2df806807cd54c870ed64a0e473ee993de9f0abf6d824d03799a2fad8
data/histdata/NZDUSD/2023.csv.gz,64688,93cfe3785d24a4017972b54f69dc454c42969f96363e8d0053ceec67b69b8079
data/histdata/NZDUSD/2024.csv.gz,74750,e8bcfe231d4506d9bf709aaa1da74f8d9ff1814eaf792c5bef8f39c4aa2a9587
data/histdata/NZDUSD/2025.csv.gz,74613,2b94d67bd44ec515be15740f88fe9aa4bd1b2078b45ef28538dc73fd28192861
data/histdata/NZDUSD/2026.csv.gz,54733,d375c4f106f6662a89b9b09da428625e839e7527772b10133dff8708f1573279
data/histdata/USDCAD/2012.csv.gz,74598,c1beacef196634358818ebe2d5374bc7b52b53879eebd47e5f25e97089b7dc89
data/histdata/USDCAD/2013.csv.gz,74365,e03756f41f164064a5eeb7057bd52ccad0a558e88a110bd45a760b9bd8d87acd
data/histdata/USDCAD/2014.csv.gz,74262,b829133cefd7cb989f269f2b101c9703e909d2e536ed7904cca0182e339832ab
data/histdata/USDCAD/2015.csv.gz,74540,887cbf8d5e45ec97d32833fb024d89345ddd90a3f51af8b4c5ed240f40cbf2ad
data/histdata/USDCAD/2016.csv.gz,74666,04d5b49cfd267d9444f4b6cb5b778f53a63e33480a032b3f6d0dcdf34c4017fc
data/histdata/USDCAD/2017.csv.gz,74479,0a45ab05418b7a9d9eeac0a0e753c601112579be65872c6c0a931aaa80523b2b
data/histdata/USDCAD/2018.csv.gz,74702,50c662b1df2aa41a78020d8abf7e243f32d5c0a3d5dc122dec9b56849249a9c1
data/histdata/USDCAD/2019.csv.gz,74512,17481916a9f4acad90d5826ccac54d16f5bac4eb74e3d40217671db2a80de1cc
data/histdata/USDCAD/2020.csv.gz,74711,51b2ab7161b5c79e42cf37f24157a845edb1424dc7c9db29869860f4e5a1eb16
data/histdata/USDCAD/2021.csv.gz,74578,ead72c3424388a628ed199769186c294a34f352d1cd0373638730d565ccb3f5a
data/histdata/USDCAD/2022.csv.gz,74788,ed8f99f71d78bf3eedcf70581cdac7be149adf49333fa1a15b60ec49e87b3588
data/histdata/USDCAD/2023.csv.gz,64798,1be490860b3c6f5b7938f71f616f17404146736c0e481f94c636fa93c3619514
data/histdata/USDCAD/2024.csv.gz,74714,f442b8ffa5b2fdaf8466e947ee7d43c531b04cc41c4ad246ba118e6177b013e1
data/histdata/USDCAD/2025.csv.gz,74667,f7b2add74d8283c1e73c3dc377810fa4583683ef21fc54611229e0db372fee5e
data/histdata/USDCAD/2026.csv.gz,54740,009fed81dc6b56422b2b5bb71280c50b143c227133c594c03d3f60f19f3e4383
data/histdata/USDCHF/2012.csv.gz,74605,29ee801e8aa1529781c2051c7de268dc4dfac2761c9d4790488953cb0a1010ee
data/histdata/USDCHF/2013.csv.gz,74390,ebff1bce95289e8152a8e19b58b2a1da64b3440b93014cde2400c113fa5132c4
data/histdata/USDCHF/2014.csv.gz,74275,6b19d8d5a45adb84ece16b0a8e5db28699b8c40e233c41b456b28c66de56cc9e
data/histdata/USDCHF/2015.csv.gz,74542,e46620b99764038ffced97cc4f3f8b2c1223667d34d623b6cde6337744daaa3a
data/histdata/USDCHF/2016.csv.gz,74669,12743b7c194078da6ea7f58aa7226540638041263b00be1d46ed9c37b115f13a
data/histdata/USDCHF/2017.csv.gz,74477,d7559c95d44f4c15bb6b718b626570a956c83f99755214bd26c438c59c90aea8
data/histdata/USDCHF/2018.csv.gz,74672,34d55c2bb3ea2233758f40c159f1557c81e039bd275139e4afea9f89a3cd27af
data/histdata/USDCHF/2019.csv.gz,74527,287eec1606fc083e6da8cc15cde18f14d788767658180cecb24b786fa982ca90
data/histdata/USDCHF/2020.csv.gz,74730,55c1dd7f86e0b56fa1ef662f3ce7e965f7ebcfae80173005ab9656e6ff8da4d2
data/histdata/USDCHF/2021.csv.gz,74503,7c5f1a4a0fb7efd92bed0aebcde556a31f22308efb6b98a7a571f9cdfb9abeff
data/histdata/USDCHF/2022.csv.gz,74577,2004b30a2776389cbaa6e4e0c2751c91eba5ac2aa50f690182fb722d34e05154
data/histdata/USDCHF/2023.csv.gz,64658,6d777117ba2efffdfdfccf74c6990987e729b894087fe1c6f275840dc7f8f306
data/histdata/USDCHF/2024.csv.gz,74816,d11bc50de32db2ad0933ed9defd9ed8c4eea7624113b881339eb3ddc1f075e95
data/histdata/USDCHF/2025.csv.gz,74660,a63ff5029c3a2d6120eb314617e79e2fbc263695ab89faf30c6d9c7475b980db
data/histdata/USDCHF/2026.csv.gz,54729,0e6d4b9ce0899b3c5da0f894264f431f2ac6b7457ca6e51ecf7e0b93e4a1dbc1
data/histdata/USDCZK/2012.csv.gz,74501,bf61f78ec619a1677b8f43562f740ff3c0bc705480dfeda00d955e7687828d91
data/histdata/USDCZK/2013.csv.gz,74244,544bf78014b13504d03e7f684703e7883385179b987e8db83826f2cf31c2e461
data/histdata/USDCZK/2014.csv.gz,74046,52f1936838b0485192099ec85c986daff54a3fbbf784ff4f89fd3a6ade0e3e82
data/histdata/USDCZK/2015.csv.gz,74512,1164a54bea914242084adebe087d50ed5bec7baf68e54705101259b715b6941d
data/histdata/USDCZK/2016.csv.gz,74673,1115d1ef7bc2fac433c9d8331cc9d8010211c732d3974a88449a4aac464158b8
data/histdata/USDCZK/2017.csv.gz,73039,f70d6c7acd11c652ae9f52bf7c3fc46bb7a3e5fd48d90d706bea0fe7216b6097
data/histdata/USDCZK/2018.csv.gz,74535,8847c974a426f1dd76c43104dd9952affe6ef30e611a6196a46f37282aadd024
data/histdata/USDCZK/2019.csv.gz,74266,c92852f900fcd3b279645b151d7275a6eb28591c57f3de6151bc41646f7e8eaa
data/histdata/USDCZK/2020.csv.gz,74122,e9167b081a6b237e14779ba4caf35c5126d6c7f990a821161c5e286b22e0d304
data/histdata/USDCZK/2021.csv.gz,74290,6de16a1a6d62e2faecaf34cb720c10c965470d7eafbd02d1101b80427b15fb00
data/histdata/USDCZK/2022.csv.gz,74596,31112fed700912bb847165d1d079f3260ca76398e4d87ca44cb38e9b66729a53
data/histdata/USDCZK/2023.csv.gz,64644,fdc1deffba0262ef179e4bcaaf767a22ac32432c2a4e3839da0f2c11799a8d64
data/histdata/USDCZK/2024.csv.gz,74512,c9552676907847043945ec9c47aafc2170f14323a35eaffbbbd875a0bdb572d1
data/histdata/USDCZK/2025.csv.gz,74486,b1d59523008704d84dfe9155b9ce9f81d0d36a1fd9749bf3a3cb9f3a35e4bdc4
data/histdata/USDCZK/2026.csv.gz,54690,80ab7aeb0f27f1cb8c6979f01b3bde3dc3deec5b7ee27179049bb32466213ef4
data/histdata/USDHUF/2012.csv.gz,74456,cd5e230d9edb890ede36c2f07f9112e99c5d26d2ba6e8a5389a4325d4e54bf04
data/histdata/USDHUF/2013.csv.gz,74271,c5267e23c6e91aa4661d1bda33d9b8ac5023f17019275e07e44323f680be045f
data/histdata/USDHUF/2014.csv.gz,74073,795c646c6e3590d90801ec84defe6c0cbafa2c84f1c2763426ea52093d11ae02
data/histdata/USDHUF/2015.csv.gz,74444,544e27aec7575fc0d1ce32f08bcebde3f4d3e5e23e4456dcb2d087d67af7179d
data/histdata/USDHUF/2016.csv.gz,74550,11c79f95e3681e48f9177a8fc7af3d7b0de20e7e97f09b1894889fc556659a38
data/histdata/USDHUF/2017.csv.gz,72997,3094195383cc7b4e313109b1d95582949764046de530e5bcb17d636a751fd43a
data/histdata/USDHUF/2018.csv.gz,74203,4f5535998cb4643b42bceec126fd27af8a4ad56b43288101d793525909b645ed
data/histdata/USDHUF/2019.csv.gz,67684,49a7adc2eeaa8646082c3f76d5f920008e0e5c2e7f103669cd5a5c487e10ee24
data/histdata/USDHUF/2020.csv.gz,66918,bc6849fb4abef1ab2d4ab080f0c10e06db642ac5a6c3efb261a7c9e7cf0f2cb9
data/histdata/USDHUF/2021.csv.gz,68093,22e42bbce5d2bc100237a5ae4dc0d59a8ce7d4487cd779ee4193c86c75e83a66
data/histdata/USDHUF/2022.csv.gz,67601,438d3d626548af6c9097982ac2899682c12bb8f39d0661966bab4ee768ea59e9
data/histdata/USDHUF/2023.csv.gz,59956,902758f532ba35d2d6ba018bb373b75c9c7e9f84d8ec8ddc776a00a4d50f33dc
data/histdata/USDHUF/2024.csv.gz,68558,714e29d244cd458a2d46a715225853e4efde46f85b03689c2297b3aa89d2ad3e
data/histdata/USDHUF/2025.csv.gz,68434,b75f582b7ef80b00f7de82c989bc7ec742aec6ea914eecb7f218850056aab006
data/histdata/USDHUF/2026.csv.gz,50148,071095cf1af2702ed31148347ac55cd935909bb54baa871b32e5ad494cb72471
data/histdata/USDJPY/2012.csv.gz,74597,d4acd613959862db91f16f3523c7fa5214064adbbfc58b8664266df7f01cd51c
data/histdata/USDJPY/2013.csv.gz,74390,e96d195f2ae8d9c5cf608001b24e98522227116e808705e39d19366353d4a4a7
data/histdata/USDJPY/2014.csv.gz,74279,638ed3a954221f4c522afac0613b3e8390a7a9b2ef7a68ebf0677ed9b01c9aa1
data/histdata/USDJPY/2015.csv.gz,74562,80846a76a448e81e4757a8fa93b6bf25f004b38c62142ea917c0e3d6772591d5
data/histdata/USDJPY/2016.csv.gz,74680,406c3cbdcd0ec8cfe69f593d3917a85ebcf797d5507310a89dfd20b35babd980
data/histdata/USDJPY/2017.csv.gz,74484,eef20d35f88b551c385d133dcfd056a964d14e9c08819a29070d43b7b0e585e6
data/histdata/USDJPY/2018.csv.gz,74709,cfed446b8483aff15fbecb1a5a38e92b9d00177d3769a65c611c87974542264a
data/histdata/USDJPY/2019.csv.gz,74627,fa9067953d5a0ca56830b69848e8ddc2c43f4211e4deb4bb9308bb71e30441b7
data/histdata/USDJPY/2020.csv.gz,74744,372ff9309756c7d950bb07b9d3b9845f45935cd30660531848812344f78f082e
data/histdata/USDJPY/2021.csv.gz,74621,33f9ab4c7d666cd91fba5a1d2c8ac1346d5a6e61f99649c23bcf1c6952d1694d
data/histdata/USDJPY/2022.csv.gz,74813,e9d0997fc34a610b0bce3e6c70e3095ad60f9d7bb6534254d84159d9454e86f9
data/histdata/USDJPY/2023.csv.gz,64779,73c41754c6f7ca3e85c1cc57e0a2e7965928998929365af050f80cd4f6797bf6
data/histdata/USDJPY/2024.csv.gz,74699,c642dd395e8c7828f4814089f707c69edc708596ffcb4dc570be39be30532e34
data/histdata/USDJPY/2025.csv.gz,74671,4ec8527f901e5ba4dc5b01be39fad38dd71a340ab1a3df517c45d2e1343fa0bc
data/histdata/USDJPY/2026.csv.gz,54689,94446842a9d2ba85ca91a08b392556cfcd89ef8b5b9693c94a139293cd44501f
data/histdata/USDNOK/2012.csv.gz,74531,a4991659ec4f7e651f5edb39edd3a7c3101ac231ba2056dcedaa2ffa172bcdf3
data/histdata/USDNOK/2013.csv.gz,74128,579a53c77f6918d3b2df6cc059dfcaaf43dbe7d539bbc3d78099a5bd763b5d04
data/histdata/USDNOK/2014.csv.gz,74011,f9e0a1642568879991ff890e27841354f87bc52652d6a481294b30528a417a64
data/histdata/USDNOK/2015.csv.gz,74483,5b6d7288d2a8c765f237835c0980f7fc35982daa1d0e13bf2b9f4b50fbe56256
data/histdata/USDNOK/2016.csv.gz,74640,a8570bcda73da4da8b431592c124b0c2c920a40e5eeed97790c9fc7f432cac76
data/histdata/USDNOK/2017.csv.gz,74459,a96291e5be401cf13f0d535952fc8e26b204d830936e130428fbdf0dbbf19dca
data/histdata/USDNOK/2018.csv.gz,74523,b7e71b7d9c79ae63b3c6909161f16b203716ea818ba979f5983e5f26a26f5158
data/histdata/USDNOK/2019.csv.gz,74560,ca58a9eb5f738e194a7a174d39054cd94cc44870bdaa227c8b0eb292298d67f2
data/histdata/USDNOK/2020.csv.gz,74100,168601ec2aebc2f62a1619e3849b61103340b6112c2d0839d8f90ba482c7d5ea
data/histdata/USDNOK/2021.csv.gz,73815,45b98ec0ad32979b2f698b02e5a4a95dadcb55eee58ed9f7feca2b3d84cd79d4
data/histdata/USDNOK/2022.csv.gz,73607,77de641bf6bb7886c8e7e4058a7a1da6ae48bd4811174a67e470ea3e8748209e
data/histdata/USDNOK/2023.csv.gz,64331,70c25c8952b035241f824d69c5ade443ad97ab1c476a42a318682b893d528865
data/histdata/USDNOK/2024.csv.gz,74519,93963ce6bc0a67fd3d0872dbaa6042769725bab021e850a253b8ece8d47e822f
data/histdata/USDNOK/2025.csv.gz,74573,8b4cd76d49eaf7cc38bea4875785ea9289d7ff728af47ad8998864b305519584
data/histdata/USDNOK/2026.csv.gz,54325,d95ef544638de412ddea031e6cce407efbf0d81f27bb543d8bf986e0deefd3d6
data/histdata/USDPLN/2012.csv.gz,74353,b33b58c5c975e7492f20fd7b5d7a74b06b28c4e5d9554b97d4989ddd29482abe
data/histdata/USDPLN/2013.csv.gz,74341,9e006d12b3215f46cbd3da06374803772bdd55998c5d84710e455282b6f3975d
data/histdata/USDPLN/2014.csv.gz,73899,4af4c500c12646928ac40ad0b4af73c6a0bbfdabc61fe3c57b10803dcb435f84
data/histdata/USDPLN/2015.csv.gz,74011,890880553002d2596abc0b556d1397c45ded3d2d8157fa0912ade530dad0c901
data/histdata/USDPLN/2016.csv.gz,74591,e3229829aafeeb43288f421f68c90c6a5910e2b48b7cf5ad45afc1e2838f9670
data/histdata/USDPLN/2017.csv.gz,73034,31c2306af6f74edf3fb4e2c743e5be228c6fe24715d172b2aa9e6bb37091035d
data/histdata/USDPLN/2018.csv.gz,74689,88df9ea49915713a60bf3e71d1b264400b31a96e5ce66950c61c6b6f0e12ffae
data/histdata/USDPLN/2019.csv.gz,74507,9c4f343f65632c2c2f9df821731e281788001080e15845d12b98b7a93f0ecf35
data/histdata/USDPLN/2020.csv.gz,74354,4a5ce414aaba8eb69e23e330e044de780948c85850b361addc75d9b7ed809e1a
data/histdata/USDPLN/2021.csv.gz,73806,ea672da40a28bc154cc99cab3802cba622a41c9ce23c9ae554747fb21924c1c0
data/histdata/USDPLN/2022.csv.gz,73780,d21e7d2bb86ee2b28993845df4bf78464ddb7b5da136326c6fc37558d881c93a
data/histdata/USDPLN/2023.csv.gz,64492,87881d1283081f737490886c6a7599fee091f6227640c4779211183b30acf8fe
data/histdata/USDPLN/2024.csv.gz,74488,8c21322f28a30b6afc4576464d541f697a24039bbfa57d196cdadda0d8d79f0d
data/histdata/USDPLN/2025.csv.gz,74026,e865ab3d01a54995afb0286054a8b6555558c8d3691479f67c3e1a9bf8a53f73
data/histdata/USDPLN/2026.csv.gz,54701,b355b4c9ef0c3d612d72d5169ed1ad99293480c5adf57d29f00ba00482b069b4
data/histdata/USDSEK/2012.csv.gz,74488,43646f7a6bf892f1f00ff11a16c0c5a848244c3aa690a84d2ffef27e444b0c28
data/histdata/USDSEK/2013.csv.gz,74149,8fdaa3dcc042e2722cde6ce2c7bcb2ffbe7ed7e07f7aef1b9d9073925646d342
data/histdata/USDSEK/2014.csv.gz,74047,4b4751bf8c33aee41adf05194af00e329a76501a61d8014c296ddc17e2cfc612
data/histdata/USDSEK/2015.csv.gz,74435,165df81754fbe6f3397f8b00ef793235807cf9dfb3152f4942290a9de8cff7a6
data/histdata/USDSEK/2016.csv.gz,74646,86087c86cb88f921e281f63ad63b04cf66471290aa08b6fb763a46ff2e4d205f
data/histdata/USDSEK/2017.csv.gz,74471,424b4976085bdae9e069ec1f7c96468fb7d7bf3b25845cdf8a5c299754e02cc6
data/histdata/USDSEK/2018.csv.gz,74682,02a2f91999d378d01bc6be71c00c8bebd15ce8a06be332f11310c8872ba7ccaf
data/histdata/USDSEK/2019.csv.gz,74439,657a6490580b25139c755ccbe9a5ca664faf5a35422db1f6391393a263cfd63a
data/histdata/USDSEK/2020.csv.gz,74300,a478af0c3cca23c29b40f47f5a245d34cdd9a4619df3e5eec9a65e180a437484
data/histdata/USDSEK/2021.csv.gz,74255,b5d276cc2a5589aaa4c8adb20ebe60edcd9859b62df91d31f456751dc9011f7f
data/histdata/USDSEK/2022.csv.gz,73763,183c4623b94b95f61ec9ef7d6b9c602c207d2e371f45ab5ee451fb1fa3732a30
data/histdata/USDSEK/2023.csv.gz,64563,361fac9b657d88b43b3ffe4411d34a62730c4faae8721412f4aa7c3b8ce9d12e
data/histdata/USDSEK/2024.csv.gz,74600,980510be936efd978a394e58fca6257ee39a828c99f0c76ad06099b50c6977ff
data/histdata/USDSEK/2025.csv.gz,74593,ecc0de2dbe0329a846433760d6e50b85dde2a2de7f763f4460706e6a531e00a6
data/histdata/USDSEK/2026.csv.gz,54674,c504c59cc60c425efe081b599a33825f9869cf763729c6bdca432533a0f93fe3
