start,outcome,days,final_balance
2021-01-01,FAIL,1494,8935.854390075854
2021-02-01,FAIL,1488,9038.261730172087
2021-03-01,FAIL,1435,8923.702549003749
2021-04-01,FAIL,1404,8923.702549003749
2021-05-01,FAIL,1374,8923.702549003749
2021-06-01,FAIL,1368,9026.611678016912
2021-07-01,OPEN,1644,9400.865211980035
2021-08-01,OPEN,1613,9400.865211980035
2021-09-01,OPEN,1582,9400.865211980035
2021-10-01,OPEN,1552,9400.865211980035
2021-11-01,OPEN,1521,9400.865211980035
2021-12-01,OPEN,1491,9400.865211980035
2022-01-01,OPEN,1460,9400.865211980035
2022-02-01,OPEN,1429,9400.865211980035
2022-03-01,OPEN,1401,9400.865211980035
2022-04-01,OPEN,1370,9400.865211980035
2022-05-01,OPEN,1340,9400.865211980035
2022-06-01,OPEN,1309,9400.865211980035
2022-07-01,OPEN,1279,9400.865211980035
2022-08-01,OPEN,1248,9400.865211980035
2022-09-01,OPEN,1217,9400.865211980035
2022-10-01,OPEN,1187,9400.865211980035
2022-11-01,OPEN,1156,9400.865211980035
2022-12-01,OPEN,1126,9304.841900380923
2023-01-01,OPEN,1095,9302.747240455517
2023-02-01,OPEN,1064,9504.99257902702
2023-03-01,OPEN,1036,9809.54780901418
2023-04-01,OPEN,1005,9614.952082020518
2023-05-01,OPEN,975,9711.78728448072
2023-06-01,OPEN,944,9813.431113118477
2023-07-01,OPEN,914,9916.919821099218
2023-08-01,OPEN,883,9849.814992740958
2023-09-01,OPEN,852,9849.814992740958
2023-10-01,OPEN,822,9953.945843844154
2023-11-01,OPEN,791,9953.945843844154
2023-12-01,OPEN,761,9499.396842249738
2024-01-01,OPEN,730,9602.95802195431
2024-02-01,OPEN,699,9602.95802195431
2024-03-01,OPEN,670,9602.95802195431
2024-04-01,OPEN,639,9508.6993954336
2024-05-01,OPEN,609,9610.940393150258
2024-06-01,OPEN,578,9544.10940236576
2024-07-01,OPEN,548,9646.467182681807
2024-08-01,OPEN,517,9646.467182681807
2024-09-01,OPEN,486,9747.598865909391
2024-10-01,OPEN,456,9720.716137129746
2024-11-01,OPEN,425,9821.735305493126
2024-12-01,OPEN,395,9926.001531351529
2025-01-01,OPEN,364,9926.001531351529
2025-02-01,OPEN,333,10163.822585069369
2025-03-01,OPEN,305,9868.655178292773
2025-04-01,OPEN,274,9972.927110380235
2025-05-01,OPEN,244,9965.70545163411
2025-06-01,OPEN,213,9965.70545163411
2025-07-01,OPEN,183,9840.265413021583
2025-08-01,OPEN,152,9946.103373842507
2025-09-01,OPEN,121,9943.061528924756
2025-10-01,OPEN,91,10000.0
2025-11-01,OPEN,60,10000.0
2025-12-01,OPEN,30,10000.0
