signal_date,entry_date,exit_date,days_held,type,lots,entry_price,stop_loss,take_profit,exit_price,exit_reason,outcome,pips,r_multiple,net_pnl,balance,return_pct,cumulative_return_pct
2024-02-29,2024-03-01,2024-03-07,5,BUY,0.18,1.0805,1.0749,1.0973,1.09484,TIME EXIT,WIN,143.4,2.56,254.06,10254.06,2.541,2.541
2024-03-14,2024-03-15,2024-03-21,5,BUY,0.19,1.08841,1.08296,1.10475,1.08596,TIME EXIT,LOSS,-24.5,-0.45,-48.12,10205.94,-0.469,2.059
2024-03-21,2024-03-22,2024-03-22,1,BUY,0.18,1.08614,1.08055,1.1029,1.08055,STOP LOSS,LOSS,-55.9,-1.0,-104.06,10101.88,-1.02,1.019
2024-04-10,2024-04-11,2024-04-12,2,BUY,0.17,1.07434,1.06854,1.09174,1.06854,STOP LOSS,LOSS,-58.0,-1.0,-103.02,9998.86,-1.02,-0.011
2024-05-22,2024-05-23,2024-05-29,5,BUY,0.2,1.08252,1.07746,1.09769,1.08006,TIME EXIT,LOSS,-24.6,-0.49,-50.63,9948.23,-0.506,-0.518
2024-05-29,2024-05-30,2024-06-05,5,BUY,0.2,1.08038,1.07544,1.09519,1.08693,TIME EXIT,WIN,65.5,1.33,129.99,10078.22,1.307,0.782
2024-06-07,2024-06-10,2024-06-11,2,BUY,0.18,1.07776,1.07225,1.0943,1.07225,STOP LOSS,LOSS,-55.1,-1.0,-102.78,9975.44,-1.02,-0.246
2024-08-28,2024-08-29,2024-08-29,1,BUY,0.16,1.11217,1.10598,1.13073,1.10598,STOP LOSS,LOSS,-61.9,-1.0,-101.75,9873.69,-1.02,-1.263
2024-09-23,2024-09-24,2024-09-30,5,BUY,0.16,1.11139,1.1051,1.13025,1.11351,TIME EXIT,WIN,21.2,0.34,31.3,9904.98,0.317,-0.95
2024-09-30,2024-10-01,2024-10-01,1,BUY,0.14,1.1135,1.10663,1.13411,1.10663,STOP LOSS,LOSS,-68.7,-1.0,-101.05,9803.93,-1.02,-1.961
2024-11-06,2024-11-07,2024-11-11,3,BUY,0.13,1.07303,1.06576,1.09483,1.06576,STOP LOSS,LOSS,-72.7,-1.0,-100.04,9703.89,-1.02,-2.961
2025-02-27,2025-02-28,2025-03-05,4,BUY,0.13,1.0402,1.03254,1.06317,1.06317,TAKE PROFIT,WIN,229.7,3.0,289.12,9993.01,2.979,-0.07
2025-03-20,2025-03-21,2025-03-26,4,BUY,0.12,1.0855,1.07684,1.11148,1.07684,STOP LOSS,LOSS,-86.6,-1.0,-101.93,9891.08,-1.02,-1.089
2025-04-23,2025-04-24,2025-04-30,5,BUY,0.08,1.1316,1.11858,1.17065,1.13297,TIME EXIT,WIN,13.7,0.11,8.41,9899.49,0.085,-1.005
2025-06-17,2025-06-18,2025-06-24,5,BUY,0.1,1.14816,1.13838,1.1775,1.16086,TIME EXIT,WIN,127.0,1.3,126.53,10026.02,1.278,0.26
2025-07-07,2025-07-08,2025-07-14,5,BUY,0.12,1.1714,1.16302,1.19653,1.16658,TIME EXIT,LOSS,-48.2,-0.58,-59.69,9966.33,-0.595,-0.337
2025-07-28,2025-07-29,2025-07-30,2,BUY,0.11,1.1591,1.15037,1.1853,1.15037,STOP LOSS,LOSS,-87.3,-1.0,-101.66,9864.66,-1.02,-1.353
2025-08-25,2025-08-26,2025-09-01,5,BUY,0.11,1.1623,1.15354,1.18857,1.17112,TIME EXIT,WIN,88.2,1.01,97.36,9962.03,0.987,-0.38
2025-09-02,2025-09-03,2025-09-09,5,BUY,0.12,1.1643,1.15613,1.18881,1.17085,TIME EXIT,WIN,65.5,0.8,77.87,10039.9,0.782,0.399
2025-09-24,2025-09-25,2025-09-25,1,BUY,0.13,1.17421,1.16643,1.19755,1.16643,STOP LOSS,LOSS,-77.8,-1.0,-102.4,9937.5,-1.02,-0.625
2025-12-09,2025-12-10,2025-12-16,5,BUY,0.19,1.16274,1.15752,1.1784,1.1784,TAKE PROFIT,WIN,156.6,3.0,296.12,10233.62,2.98,2.336
2025-12-30,2025-12-31,2025-12-31,1,BUY,0.22,1.175,1.1703,1.1891,1.17465,END OF PERIOD,LOSS,-3.5,-0.07,-9.62,10224.0,-0.094,2.24
