param,value,net_r,trades,expectancy_r,profit_factor,max_dd_pct,breach,sample
trend,legacy,-3.1996552361706927,43,-0.07439534883720932,0.8662980931964347,12.162240009386315,False,in-sample
trend,ema50,-0.1080746074151466,49,-0.0021836734693877367,0.9958791994963465,7.661250877607545,False,in-sample
trend,ema100,-5.589092193292654,37,-0.15102702702702697,0.7375957782451924,10.955970371976436,True,in-sample
trend,ema200,-4.241216046224945,23,-0.1843913043478261,0.6488665904988988,9.608094224908728,False,in-sample
rsi_thr,15.0,0.0,0,0.0,0.0,-0.0,False,in-sample
rsi_thr,20.0,-3.093824469694009,3,-1.0313333333333332,0.0,3.093824469694009,False,in-sample
rsi_thr,25.0,-4.3248637316358876,6,-0.7208333333333332,0.16766743648960744,6.068432969789464,False,in-sample
rsi_thr,30.0,-2.4502616493441747,11,-0.22272727272727275,0.6629338689485341,5.331490394600659,False,in-sample
rsi_thr,35.0,-0.6443917330818476,19,-0.033894736842105234,0.9389221783980582,7.180817517191718,False,in-sample
rsi_thr,40.0,-5.755695481815346,33,-0.17439393939393938,0.677539357947224,14.215775229902192,True,in-sample
rsi_thr,45.0,-3.1996552361706927,43,-0.07439534883720932,0.8662980931964347,12.162240009386315,False,in-sample
rsi_thr,50.0,-7.9920384589615425,56,-0.14269642857142856,0.7455254652847432,17.56795892035845,True,in-sample
rsi_thr,55.0,-11.020558560107856,62,-0.17779032258064512,0.7019983234634,22.695954432231666,True,in-sample
atr_mult,0.75,-4.950082765972548,44,-0.11254545454545456,0.8324039181031126,15.16859495192808,True,in-sample
atr_mult,1.0,-3.1996552361706927,43,-0.07439534883720932,0.8662980931964347,12.162240009386315,False,in-sample
atr_mult,1.25,-4.018783357444627,42,-0.09564285714285711,0.7971756202935417,12.233605174708064,False,in-sample
atr_mult,1.5,-4.40778706623003,42,-0.10495238095238096,0.7560681357845688,11.414390934695948,False,in-sample
atr_mult,1.75,-4.169801256027658,42,-0.09930952380952382,0.7349327129062811,9.736681700374666,False,in-sample
atr_mult,2.0,-4.295134814387074,42,-0.10226190476190476,0.7019512330516119,9.108931498720104,False,in-sample
atr_mult,2.5,-3.7264915928308437,42,-0.08876190476190475,0.6847359826724088,7.577528940297235,False,in-sample
atr_mult,3.0,-3.005440219807606,42,-0.07164285714285713,0.691727009784816,6.220706149467733,False,in-sample
entry,open,-3.1996552361706927,43,-0.07439534883720932,0.8662980931964347,12.162240009386315,False,in-sample
entry,breakout,-3.0991417882772656,3,-1.033,0.0,3.623872772123941,False,in-sample
entry,confirm,-0.5310480569680294,21,-0.02523809523809525,0.9564846905750968,7.8966081877158105,False,in-sample
max_hold,3,-9.915168050771536,45,-0.22033333333333333,0.547077847922015,14.333041520254447,True,in-sample
max_hold,5,-3.1996552361706927,43,-0.07439534883720932,0.8662980931964347,12.162240009386315,False,in-sample
max_hold,7,-5.042178602216245,39,-0.12928205128205125,0.7915402234221123,16.39973543255657,True,in-sample
max_hold,10,-8.627161843887588,34,-0.25379411764705884,0.617584999335077,16.195290612720893,True,in-sample
max_hold,15,-6.808200573247359,33,-0.20636363636363644,0.7208495633277296,16.098896552476216,True,in-sample
max_hold,20,-7.40087801799973,31,-0.23880645161290318,0.6846068612827615,18.132406295394212,True,in-sample
max_hold,30,-5.797142894899207,30,-0.1933000000000001,0.7530259329161003,19.071283773007742,True,in-sample
trend,legacy,14.19060705832877,63,0.22525396825396826,1.5271379165598684,9.34407209369143,False,out-of-sample
trend,ema50,5.139785026704212,86,0.059744186046511626,1.1285279548301757,7.707024781431046,False,out-of-sample
trend,ema100,3.072702697111963,100,0.030690000000000044,1.0647175648723612,11.844297310983057,False,out-of-sample
trend,ema200,-1.7919674396925074,114,-0.01574561403508768,0.9680658609313424,15.556662242096536,True,out-of-sample
rsi_thr,15.0,-0.37140308083953644,2,-0.18599999999999994,0.6340526160212828,1.3030827410567327,False,out-of-sample
rsi_thr,20.0,-2.4012539958822163,4,-0.60025,0.2113508720070943,3.3329336560994127,False,out-of-sample
rsi_thr,25.0,3.1436103450826884,15,0.20960000000000006,1.3932990529094573,3.416967626850055,False,out-of-sample
rsi_thr,30.0,3.090507117765246,24,0.12874999999999998,1.2510581258377675,4.200650637242034,False,out-of-sample
rsi_thr,35.0,5.962224515405123,38,0.15686842105263163,1.3637622711270825,5.213180328399831,False,out-of-sample
rsi_thr,40.0,13.897369495676084,49,0.2836122448979592,1.7130520893194316,6.965861556513028,False,out-of-sample
rsi_thr,45.0,14.19060705832877,63,0.22525396825396826,1.5271379165598684,9.34407209369143,False,out-of-sample
rsi_thr,50.0,13.781911822976909,80,0.17227500000000004,1.3886635908311524,10.441362408244805,False,out-of-sample
rsi_thr,55.0,15.539388557813872,94,0.1653085106382979,1.3507609240340033,6.920632697298297,False,out-of-sample
atr_mult,0.75,19.375359881364638,63,0.3075238095238096,1.6141172741679877,6.5566813644651845,False,out-of-sample
atr_mult,1.0,14.19060705832877,63,0.22525396825396826,1.5271379165598684,9.34407209369143,False,out-of-sample
atr_mult,1.25,6.913178551055735,62,0.11153225806451615,1.287942021741847,8.760685469041764,False,out-of-sample
atr_mult,1.5,6.911753479394829,62,0.1114516129032258,1.3376599902296045,8.343590715401206,False,out-of-sample
atr_mult,1.75,5.603017760263592,62,0.09043548387096773,1.3063314253224212,7.129574940920902,False,out-of-sample
atr_mult,2.0,4.203005776833579,62,0.06779032258064517,1.2535913168865802,6.424282964961477,False,out-of-sample
atr_mult,2.5,3.635420603409184,62,0.05862903225806451,1.2799436355096288,5.22667309049204,False,out-of-sample
atr_mult,3.0,4.356425751786537,62,0.07029032258064516,1.458810767545707,4.151219696587414,False,out-of-sample
entry,open,14.19060705832877,63,0.22525396825396826,1.5271379165598684,9.34407209369143,False,out-of-sample
entry,breakout,-2.5006399673968556,7,-0.3570000000000001,0.5081722164309739,6.011485068303172,False,out-of-sample
entry,confirm,2.2971410419836684,31,0.07416129032258062,1.1467523589877913,5.944831327048323,False,out-of-sample
max_hold,3,13.415960213644993,66,0.2032727272727273,1.5652107970559608,4.5602773062335835,False,out-of-sample
max_hold,5,14.19060705832877,63,0.22525396825396826,1.5271379165598684,9.34407209369143,False,out-of-sample
max_hold,7,7.0933773948431735,55,0.12903636363636362,1.2395342633208728,9.555655764168042,False,out-of-sample
max_hold,10,0.41149973319568744,49,0.008428571428571454,1.01329493221621,10.779787997238818,False,out-of-sample
max_hold,15,0.29281563086358803,45,0.006555555555555601,1.0091433425037393,11.75448674110794,True,out-of-sample
max_hold,20,1.727221161168236,45,0.03842222222222226,1.0502695088303433,13.196480733108585,True,out-of-sample
max_hold,30,3.3513474123116795,45,0.07451111111111114,1.0976680208193692,13.196480733108585,True,out-of-sample
