signal_date,entry_date,exit_date,days_held,type,setup,risk_usd,lots,entry_price,stop_loss,take_profit,exit_price,exit_reason,stop_pips,pips,r_gross,mfe_r,mae_r,same_bar_sl_tp,gross_pnl,commission,swap,net_pnl,r_net,balance
2021-01-11,2021-01-12,2021-01-14,3,BUY,ema50 | RSI3<25 | SL 1xATR | confirm | hold 5d | 1:3,100.0,0.13,1.22091,1.21302,1.24459,1.21302,STOP,78.9,-78.9,-1.0,0.175,1.0,False,-100.0,0.89,-1.52,-102.41,-1.024,9897.59
2021-02-17,2021-02-18,2021-02-25,6,BUY,ema50 | RSI3<25 | SL 1xATR | confirm | hold 5d | 1:3,100.0,0.15,1.20941,1.20282,1.22918,1.21745,TIME,65.9,80.4,1.22,2.256,0.178,False,121.99,1.06,-6.37,114.56,1.146,10012.15
2021-04-30,2021-05-03,2021-05-05,3,BUY,ema50 | RSI3<25 | SL 1xATR | confirm | hold 5d | 1:3,100.0,0.15,1.20639,1.19986,1.22598,1.19986,STOP,65.3,-65.3,-1.0,0.014,1.0,False,-100.0,1.07,-1.84,-102.91,-1.029,9909.24
2021-06-03,2021-06-04,2021-06-11,6,BUY,ema50 | RSI3<25 | SL 1xATR | confirm | hold 5d | 1:3,100.0,0.15,1.21679,1.21023,1.23646,1.21023,STOP,65.6,-65.6,-1.0,0.762,1.0,False,-100.0,1.07,-6.4,-107.47,-1.075,9801.77
2021-06-11,2021-06-14,2021-06-16,3,BUY,ema50 | RSI3<25 | SL 1xATR | confirm | hold 5d | 1:3,100.0,0.16,1.21203,1.20561,1.23129,1.20561,STOP,64.2,-64.2,-1.0,0.422,1.0,False,-100.0,1.09,-1.87,-102.96,-1.03,9698.81
2022-11-21,2022-11-22,2022-11-28,5,BUY,ema100 | RSI3<45 | SL 2xATR | open | hold 5d | 1:3,100.0,0.04,1.02445,0.99845,1.10244,1.03402,TIME,260.0,95.7,0.368,0.971,0.021,False,36.81,0.27,-1.38,35.16,0.352,9733.97
2022-11-28,2022-11-29,2022-12-05,5,BUY,ema100 | RSI3<45 | SL 2xATR | open | hold 5d | 1:3,100.0,0.04,1.03425,1.01015,1.10656,1.04935,TIME,241.0,151.0,0.627,1.047,0.216,False,62.65,0.29,-1.49,60.87,0.609,9794.84
2022-12-16,2022-12-19,2022-12-23,5,BUY,ema100 | RSI3<45 | SL 2xATR | open | hold 5d | 1:3,100.0,0.05,1.05911,1.03747,1.12404,1.06165,TIME,216.4,25.4,0.117,0.313,0.082,False,11.74,0.32,-1.11,10.3,0.103,9805.14
2022-12-28,2022-12-29,2023-01-04,5,BUY,ema100 | RSI3<45 | SL 2xATR | open | hold 5d | 1:3,100.0,0.06,1.06143,1.04389,1.11406,1.06042,TIME,175.4,-10.1,-0.058,1.03,0.539,False,-5.76,0.4,-2.05,-8.21,-0.082,9796.93
2023-01-05,2023-01-06,2023-01-06,1,BUY,ema100 | RSI3<45 | SL 1xATR | breakout | hold 5d | 1:3,100.0,0.1,1.0634,1.05369,1.09252,1.05369,STOP,97.1,-97.1,-1.0,0.144,1.0,False,-100.0,0.72,-0.0,-100.72,-1.007,9696.21
2023-01-27,2023-01-30,2023-01-31,2,BUY,ema100 | RSI3<45 | SL 1xATR | breakout | hold 5d | 1:3,100.0,0.12,1.09028,1.08175,1.11587,1.08175,STOP,85.3,-85.3,-1.0,0.13,1.0,False,-100.0,0.82,-0.7,-101.52,-1.015,9594.68
2023-01-31,2023-02-01,2023-02-03,3,BUY,ema100 | RSI3<45 | SL 1xATR | breakout | hold 5d | 1:3,100.0,0.12,1.08775,1.07938,1.11286,1.07938,STOP,83.7,-83.7,-1.0,1.859,1.0,False,-100.0,0.84,-1.43,-102.27,-1.023,9492.41
2023-02-08,2023-02-09,2023-02-10,2,BUY,ema100 | RSI3<45 | SL 1xATR | breakout | hold 5d | 1:3,50.0,0.05,1.07633,1.06705,1.10416,1.06705,STOP,92.8,-92.8,-1.0,0.296,1.0,False,-50.0,0.38,-0.32,-50.7,-1.014,9441.71
2023-02-24,2023-02-27,2023-02-27,1,BUY,ema100 | RSI3<45 | SL 1xATR | breakout | hold 5d | 1:3,50.0,0.06,1.0617,1.05378,1.08547,1.05378,STOP,79.2,-79.2,-1.0,0.035,1.0,False,-50.0,0.44,-0.0,-50.44,-1.009,9391.27
2023-02-28,2023-03-01,2023-03-01,1,BUY,ema100 | RSI3<45 | SL 1xATR | breakout | hold 5d | 1:3,50.0,0.06,1.06475,1.05683,1.0885,1.05683,STOP,79.2,-79.2,-1.0,0.557,1.0,False,-50.0,0.44,-0.0,-50.44,-1.009,9340.83
2023-03-16,2023-03-17,2023-03-23,5,BUY,ema100 | RSI3<45 | SL 1xATR | breakout | hold 5d | 1:3,50.0,0.05,1.06379,1.05428,1.09233,1.09233,TARGET,95.1,285.4,3.0,3.0,0.34,False,150.0,0.37,-1.89,147.74,2.955,9488.57
2023-04-10,2023-04-11,2023-04-17,5,BUY,ema100 | RSI3<45 | SL 1xATR | breakout | hold 5d | 1:3,50.0,0.06,1.09198,1.08326,1.11815,1.09276,TIME,87.2,7.8,0.089,1.788,0.761,False,4.47,0.4,-2.06,2.01,0.04,9490.58
2023-04-25,2023-04-26,2023-04-26,1,BUY,ema100 | RSI3<45 | SL 1xATR | breakout | hold 5d | 1:3,50.0,0.06,1.10696,1.0987,1.13174,1.0987,STOP,82.6,-82.6,-1.0,0.312,1.0,False,-50.0,0.42,-0.0,-50.42,-1.008,9440.15
2023-05-15,2023-05-16,2023-05-17,2,BUY,ema100 | RSI3<45 | SL 1xATR | breakout | hold 5d | 1:3,50.0,0.06,1.08932,1.08141,1.11305,1.08141,STOP,79.1,-79.1,-1.0,0.144,1.0,False,-50.0,0.44,-0.38,-50.82,-1.016,9389.33
2023-06-26,2023-06-27,2023-06-30,4,BUY,ema100 | RSI3<45 | SL 1xATR | breakout | hold 5d | 1:3,50.0,0.07,1.09225,1.08508,1.11375,1.08508,STOP,71.7,-71.7,-1.0,0.758,1.0,False,-50.0,0.49,-1.26,-51.74,-1.035,9337.59
2023-07-04,2023-07-05,2023-07-11,5,BUY,legacy | RSI3<45 | SL 1xATR | open | hold 5d | 1:3,50.0,0.07,1.0882,1.08104,1.10969,1.10084,TIME,71.6,126.4,1.765,2.025,0.673,False,88.24,0.49,-2.51,85.24,1.705,9422.83
2023-07-20,2023-07-21,2023-07-24,2,BUY,legacy | RSI3<45 | SL 1xATR | open | hold 5d | 1:3,50.0,0.07,1.11355,1.10614,1.13577,1.10614,STOP,74.1,-74.1,-1.0,0.155,1.0,False,-50.0,0.47,-1.22,-51.69,-1.034,9371.14
2023-08-31,2023-09-01,2023-09-05,3,BUY,legacy | RSI3<45 | SL 1xATR | open | hold 5d | 1:3,50.0,0.07,1.08448,1.07698,1.10699,1.07698,STOP,75.0,-75.0,-1.0,0.493,1.0,False,-50.0,0.47,-1.6,-52.07,-1.041,9319.07
2023-10-31,2023-11-01,2023-11-07,5,BUY,legacy | RSI3<45 | SL 1xATR | open | hold 5d | 1:3,50.0,0.07,1.05768,1.05026,1.07995,1.07002,TIME,74.2,123.4,1.662,2.418,0.804,False,83.1,0.47,-2.42,80.2,1.604,9399.28
2023-11-09,2023-11-10,2023-11-16,5,BUY,legacy | RSI3<45 | SL 1xATR | open | hold 5d | 1:3,50.0,0.07,1.06688,1.05954,1.0889,1.0889,TARGET,73.4,220.2,3.0,3.0,0.172,False,150.0,0.48,-2.45,147.07,2.941,9546.35
2023-11-30,2023-12-01,2023-12-04,2,BUY,legacy | RSI3<45 | SL 1xATR | open | hold 5d | 1:3,100.0,0.14,1.0891,1.08208,1.11016,1.08208,STOP,70.2,-70.2,-1.0,0.311,1.0,False,-100.0,1.0,-2.56,-103.56,-1.036,9442.79
2024-02-29,2024-03-01,2024-03-07,5,BUY,legacy | RSI3<45 | SL 1xATR | open | hold 5d | 1:3,50.0,0.09,1.0805,1.0749,1.0973,1.09484,TIME,56.0,143.4,2.561,2.573,0.191,False,128.03,0.62,-3.21,124.19,2.484,9566.98
2024-03-14,2024-03-15,2024-03-21,5,BUY,legacy | RSI3<45 | SL 1xATR | open | hold 5d | 1:3,100.0,0.18,1.08841,1.08296,1.10475,1.08596,TIME,54.5,-24.5,-0.45,1.078,0.905,False,-44.97,1.28,-6.61,-52.87,-0.529,9514.11
2024-03-21,2024-03-22,2024-03-22,1,BUY,legacy | RSI3<45 | SL 1xATR | open | hold 5d | 1:3,100.0,0.18,1.08614,1.08055,1.1029,1.08055,STOP,55.9,-55.9,-1.0,0.12,1.0,False,-100.0,1.25,-0.0,-101.25,-1.013,9412.85
2024-04-10,2024-04-11,2024-04-12,2,BUY,legacy | RSI3<45 | SL 1xATR | open | hold 5d | 1:3,50.0,0.09,1.07434,1.06854,1.09174,1.06854,STOP,58.0,-58.0,-1.0,0.226,1.0,False,-50.0,0.6,-0.52,-51.12,-1.022,9361.73
2024-05-22,2024-05-23,2024-05-29,5,BUY,legacy | RSI3<45 | SL 1xATR | open | hold 5d | 1:3,50.0,0.1,1.08252,1.07746,1.09769,1.08006,TIME,50.6,-24.6,-0.486,1.263,0.496,False,-24.32,0.69,-3.56,-28.57,-0.571,9333.16
2024-05-29,2024-05-30,2024-06-05,5,BUY,legacy | RSI3<45 | SL 1xATR | open | hold 5d | 1:3,50.0,0.1,1.08038,1.07544,1.09519,1.08693,TIME,49.4,65.5,1.327,2.277,0.312,False,66.34,0.71,-3.65,61.99,1.24,9395.15
2024-06-07,2024-06-10,2024-06-11,2,BUY,legacy | RSI3<45 | SL 1xATR | open | hold 5d | 1:3,50.0,0.09,1.07776,1.07225,1.0943,1.07225,STOP,55.1,-55.1,-1.0,0.071,1.0,False,-50.0,0.63,-0.54,-51.18,-1.024,9343.97
2024-08-28,2024-08-29,2024-08-29,1,BUY,legacy | RSI3<45 | SL 1xATR | open | hold 5d | 1:3,50.0,0.08,1.11217,1.10598,1.13073,1.10598,STOP,61.9,-61.9,-1.0,0.294,1.0,False,-50.0,0.57,-0.0,-50.57,-1.011,9293.41
2024-09-23,2024-09-24,2024-09-30,5,BUY,legacy | RSI3<45 | SL 1xATR | open | hold 5d | 1:3,50.0,0.08,1.11139,1.1051,1.13025,1.11351,TIME,62.9,21.2,0.337,1.591,0.169,False,16.86,0.56,-2.86,13.44,0.269,9306.85
2024-09-30,2024-10-01,2024-10-01,1,BUY,legacy | RSI3<45 | SL 1xATR | open | hold 5d | 1:3,50.0,0.07,1.1135,1.10663,1.13411,1.10663,STOP,68.7,-68.7,-1.0,0.149,1.0,False,-50.0,0.51,-0.0,-50.51,-1.01,9256.34
2024-11-06,2024-11-07,2024-11-11,3,BUY,legacy | RSI3<45 | SL 1xATR | open | hold 5d | 1:3,50.0,0.07,1.07303,1.06576,1.09483,1.06576,STOP,72.7,-72.7,-1.0,1.302,1.0,False,-50.0,0.48,-1.65,-52.13,-1.043,9204.2
2025-01-28,2025-01-29,2025-02-03,4,BUY,legacy | RSI3<45 | SL 1xATR | open | hold 5d | 1:3,50.0,0.06,1.0432,1.03475,1.06856,1.02347,STOP (GAP),84.5,-197.3,-2.334,0.425,2.334,False,-116.72,0.41,-1.77,-118.91,-2.378,9085.29
2025-02-27,2025-02-28,2025-03-05,4,BUY,legacy | RSI3<45 | SL 1xATR | open | hold 5d | 1:3,50.0,0.07,1.0402,1.03254,1.06317,1.06317,TARGET,76.6,229.7,3.0,3.0,0.549,False,150.0,0.46,-1.96,147.58,2.952,9232.88
2025-03-20,2025-03-21,2025-03-26,4,BUY,legacy | RSI3<45 | SL 1xATR | open | hold 5d | 1:3,50.0,0.06,1.0855,1.07684,1.11148,1.07684,STOP,86.6,-86.6,-1.0,0.073,1.0,False,-50.0,0.4,-1.73,-52.14,-1.043,9180.74
2025-04-23,2025-04-24,2025-04-30,5,BUY,legacy | RSI3<45 | SL 1xATR | open | hold 5d | 1:3,50.0,0.04,1.1316,1.11858,1.17065,1.13297,TIME,130.2,13.7,0.105,0.845,0.012,False,5.26,0.27,-1.38,3.61,0.072,9184.35
2025-06-17,2025-06-18,2025-06-24,5,BUY,legacy | RSI3<45 | SL 1xATR | open | hold 5d | 1:3,50.0,0.05,1.14816,1.13838,1.1775,1.16086,TIME,97.8,127.0,1.298,1.636,0.361,False,64.92,0.36,-1.84,62.72,1.254,9247.07
2025-07-15,2025-07-16,2025-07-30,11,BUY,ema50 | RSI3<25 | SL 2xATR | confirm | hold 20d | 1:3,50.0,0.03,1.16425,1.14866,1.21101,1.14866,STOP,155.9,-155.9,-1.0,0.939,1.0,False,-50.0,0.22,-2.69,-52.92,-1.058,9194.15
2025-08-21,2025-08-22,2025-09-19,21,BUY,ema50 | RSI3<25 | SL 2xATR | confirm | hold 20d | 1:3,50.0,0.03,1.17231,1.15653,1.21965,1.17454,TIME,157.8,22.3,0.141,1.24,0.944,False,7.07,0.22,-5.32,1.52,0.03,9195.67
2025-09-25,2025-09-26,2025-10-24,21,BUY,ema50 | RSI3<25 | SL 2xATR | confirm | hold 20d | 1:3,50.0,0.03,1.17016,1.15414,1.21821,1.16279,TIME,160.2,-73.7,-0.46,0.481,0.995,False,-23.01,0.22,-5.24,-28.47,-0.569,9167.2
