train,test,params,valid_sets,is_score,plateau,is_net_r,is_r_per_year,oos_net_r,oos_r_per_year,oos_trades,oos_dd_pct
2018-01 .. 2020-12,2021-01 .. 2021-06,ema50 | RSI3<25 | SL 1xATR | confirm | hold 5d | 1:3,117,2.150870424929564,0.24708734483472436,6.956420544639186,2.320395072081701,-3.011882368348124,-6.111611305773068,5,3.1425048199567387
2018-01 .. 2021-06,2021-07 .. 2021-12,ema50 | RSI3<25 | SL 1xATR | open | hold 5d | 1:3,145,0.8733391344523783,-0.6298056972474129,4.626058535895736,1.3241911287115342,-1.06473565521419,-2.125107639710289,1,1.1628832615066678
2018-01 .. 2021-12,2022-01 .. 2022-06,ema100 | RSI3<45 | SL 1.5xATR | confirm | hold 5d | 1:3,138,-0.49766104598448285,-0.6861119465956548,-2.3737201316633763,-0.5938364918424988,0.0,0.0,0,-0.0
2018-01 .. 2022-06,2022-07 .. 2022-12,ema100 | RSI3<45 | SL 1.5xATR | confirm | hold 5d | 1:3,129,-0.49766104598448285,-0.6861119465956548,-2.3737201316633763,-0.5283371591042341,1.0768692554954213,2.149325112402747,4,0.7501850527427268
2018-01 .. 2022-12,2023-01 .. 2023-06,ema100 | RSI3<45 | SL 1xATR | breakout | hold 5d | 1:3,138,0.5549440644304705,0.28582575749089323,2.3748825835417846,0.475301843089664,-6.141725806437007,-12.462585282228428,11,6.416370693673253
2018-01 .. 2023-06,2023-07 .. 2023-12,ema100 | RSI3<45 | SL 2xATR | breakout | hold 5d | 1:3,126,0.01102693548644866,-0.2299998795889633,0.03356189118492694,0.006110907654683232,-0.9105750146652827,-1.8174181645163634,3,1.9556076877939632
2018-01 .. 2023-12,2024-01 .. 2024-06,ema100 | RSI3<35 | SL 2xATR | confirm | hold 5d | 1:3,115,-0.27281072446721655,-0.3869048587958472,-1.4530474307570511,-0.24234044478722053,-1.3168005008649015,-2.657245209618261,7,2.5716887767122896
2018-01 .. 2024-06,2024-07 .. 2024-12,ema100 | RSI3<35 | SL 2xATR | confirm | hold 5d | 1:3,97,-0.5200409875788491,-0.7054531684015922,-2.769847931621953,-0.4265122078519892,-1.0324779432097784,-2.0607244194391887,5,1.2056849604821764
2018-01 .. 2024-12,2025-01 .. 2025-06,ema50 | RSI3<25 | SL 2xATR | breakout | hold 10d | 1:3,82,-0.4759164198586576,-0.7356803301248344,-3.1706611408143544,-0.45308449987576016,-0.20901140590722206,-0.42411897782007146,2,1.7227932425841757
2018-01 .. 2025-06,2025-07 .. 2025-12,ema50 | RSI3<25 | SL 2xATR | breakout | hold 10d | 1:3,83,-0.5072890439238839,-0.5293971747628862,-3.3796725467215767,-0.45101402911584065,-1.2066226491599992,-2.408300123528359,2,2.1264544214124
