tday,P1
2017-01-03,0.0000000
2017-01-04,-0.0001611
2017-01-05,-0.0076628
2017-01-06,0.0017184
2017-01-09,0.0020368
2017-01-10,-0.0006644
2017-01-11,0.0012668
2017-01-12,-0.0032819
2017-01-13,-0.0021464
2017-01-16,0.0012097
2017-01-17,-0.0051159
2017-01-18,0.0057693
2017-01-19,-0.0001282
2017-01-20,-0.0027050
2017-01-23,-0.0035813
2017-01-24,0.0012810
2017-01-25,-0.0022465
2017-01-26,0.0038892
2017-01-27,-0.0021644
2017-01-30,-0.0024022
2017-01-31,-0.0054368
2017-02-01,-0.0002632
2017-02-02,0.0002260
2017-02-03,-0.0029359
2017-02-06,-0.0010141
2017-02-07,0.0022473
2017-02-08,-0.0014174
2017-02-09,0.0037212
2017-02-10,-0.0012535
2017-02-13,0.0025060
2017-02-14,0.0007152
2017-02-15,-0.0007813
2017-02-16,-0.0015487
2017-02-17,-0.0005707
2017-02-27,-0.0011137
2017-02-28,-0.0005622
2017-03-01,-0.0031060
2017-03-02,-0.0009371
2017-03-03,0.0045065
2017-03-06,0.0005881
2017-03-07,0.0011003
2017-03-08,-0.0028452
2017-03-09,-0.0018844
2017-03-10,0.0002799
2017-03-13,0.0027122
2017-03-14,-0.0008868
2017-03-15,0.0120968
2017-03-16,0.0003971
2017-03-17,0.0029215
2017-03-20,0.0013601
2017-03-21,0.0018660
2017-03-22,0.0003428
2017-03-23,-0.0014547
2017-03-24,-0.0007373
2017-03-27,0.0033826
2017-03-28,-0.0007995
2017-03-29,0.0003112
2017-03-30,-0.0046651
2017-03-31,-0.0016594
2017-04-03,0.0005043
2017-04-04,-0.0015611
2017-04-05,-0.0008101
2017-04-06,-0.0010686
2017-04-07,-0.0034045
2017-04-10,0.0005512
2017-04-11,-0.0001364
2017-04-12,0.0015373
2017-04-13,-0.0024734
2017-04-17,0.0007796
2017-04-18,0.0036925
2017-04-19,-0.0035777
2017-04-20,-0.0007894
2017-04-21,0.0000889
2017-04-24,0.0057823
2017-04-25,-0.0013164
2017-04-26,-0.0012926
2017-04-27,-0.0019173
2017-04-28,0.0004647
2017-05-01,-0.0004724
2017-05-02,-0.0014441
2017-05-03,0.0012779
2017-05-04,-0.0050175
2017-05-05,-0.0013418
2017-05-08,0.0033725
2017-05-09,-0.0002909
2017-05-10,0.0001395
2017-05-11,0.0012920
2017-05-12,-0.0012526
2017-05-15,-0.0028736
2017-05-16,-0.0003030
2017-05-17,0.0027848
2017-05-18,-0.0008658
2017-05-19,0.0060216
2017-05-22,-0.0031748
2017-05-23,-0.0026695
2017-05-24,0.0010613
2017-05-25,0.0007609
2017-05-26,-0.0009403
2017-05-29,-0.0003387
2017-05-30,0.0001199
2017-05-31,0.0021166
2017-06-01,0.0001383
2017-06-02,0.0025504
2017-06-05,-0.0007445
2017-06-06,-0.0003545
2017-06-07,-0.0011401
2017-06-08,-0.0003284
2017-06-09,-0.0027388
2017-06-12,-0.0016648
2017-06-13,0.0017459
2017-06-14,-0.0008520
2017-06-15,-0.0041772
2017-06-16,0.0035325
2017-06-19,-0.0029714
2017-06-20,-0.0032890
2017-06-21,0.0026860
2017-06-22,0.0005595
2017-06-23,0.0017398
2017-06-26,-0.0013359
2017-06-27,0.0039831
2017-06-28,0.0004650
2017-06-29,0.0010044
2017-06-30,-0.0025416
2017-07-03,-0.0021605
2017-07-04,-0.0002575
2017-07-05,0.0006316
2017-07-06,0.0029571
2017-07-07,-0.0010925
2017-07-10,-0.0012013
2017-07-11,0.0024226
2017-07-12,-0.0027819
2017-07-13,-0.0018046
2017-07-14,-0.0003428
2017-07-17,-0.0007042
2017-07-18,0.0045157
2017-07-19,-0.0012301
2017-07-20,0.0038113
2017-07-21,0.0038648
2017-07-24,-0.0022535
2017-07-25,-0.0021229
2017-07-26,0.0002301
2017-07-27,0.0015768
2017-07-28,0.0022761
2017-07-31,-0.0024966
2017-08-01,0.0006392
2017-08-02,-0.0002768
2017-08-03,0.0006670
2017-08-04,-0.0029339
2017-08-07,0.0007638
2017-08-08,-0.0005744
2017-08-09,-0.0003630
2017-08-10,-0.0020155
2017-08-11,-0.0013276
2017-08-14,0.0001419
2017-08-15,0.0012661
2017-08-16,0.0058250
2017-08-17,-0.0010197
2017-08-18,0.0035077
2017-08-21,-0.0007628
2017-08-22,-0.0002782
2017-08-23,0.0010409
2017-08-24,0.0007902
2017-08-25,0.0065408
2017-08-28,-0.0012922
2017-08-29,0.0013802
2017-08-30,-0.0044864
2017-08-31,0.0015440
2017-09-01,-0.0016627
2017-09-04,-0.0019791
2017-09-05,0.0005797
2017-09-06,0.0018643
2017-09-07,0.0017977
2017-09-08,-0.0004994
2017-09-11,-0.0031926
2017-09-12,-0.0003082
2017-09-13,-0.0014567
2017-09-14,0.0011595
2017-09-15,-0.0004066
2017-09-18,0.0028112
2017-09-19,0.0023573
2017-09-20,-0.0019694
2017-09-21,0.0005411
2017-09-22,-0.0001069
2017-09-25,-0.0024421
2017-09-26,-0.0070664
2017-09-27,-0.0061008
2017-09-28,0.0025069
2017-09-29,-0.0024978
2017-10-02,-0.0030713
2017-10-03,0.0017440
2017-10-04,0.0024585
2017-10-05,-0.0028066
2017-10-06,0.0008618
2017-10-09,0.0004063
2017-10-10,0.0033739
2017-10-11,0.0004295
2017-10-12,-0.0010803
2017-10-13,0.0003816
2017-10-16,-0.0023050
2017-10-17,-0.0041359
2017-10-18,-0.0003122
2017-10-19,-0.0032305
2017-10-20,0.0021458
2017-10-23,-0.0002050
2017-10-24,0.0013546
2017-10-25,-0.0036591
2017-10-26,0.0058898
2017-10-27,0.0010341
2017-10-30,-0.0018389
2017-10-31,-0.0017993
2017-11-01,-0.0003200
2017-11-02,-0.0009436
2017-11-03,-0.0004167
2017-11-06,0.0019805
2017-11-07,0.0018913
2017-11-08,-0.0006402
2017-11-09,-0.0011126
2017-11-10,-0.0009364
2017-11-13,-0.0018824
2017-11-14,-0.0033992
2017-11-15,-0.0036851
2017-11-16,0.0023182
2017-11-17,-0.0002883
2017-11-20,0.0026932
2017-11-21,0.0000833
2017-11-22,-0.0069767
2017-11-23,-0.0028581
2017-11-24,-0.0021488
2017-11-27,-0.0000347
2017-11-28,-0.0000815
2017-11-29,0.0035769
2017-11-30,-0.0007685
2017-12-01,-0.0019297
2017-12-04,0.0033296
2017-12-05,0.0029181
2017-12-06,0.0034022
2017-12-07,0.0033562
2017-12-08,0.0016760
2017-12-11,-0.0008067
2017-12-12,0.0011815
2017-12-13,-0.0056899
2017-12-14,0.0017363
2017-12-15,0.0043417
2017-12-18,-0.0016502
2017-12-19,-0.0017879
2017-12-20,-0.0019216
2017-12-21,0.0001642
2017-12-22,-0.0015432
2017-12-26,-0.0003913
2017-12-27,-0.0003569
2017-12-28,0.0002703
2017-12-29,-0.0027552
2018-01-02,-0.0019050
2018-01-03,-0.0018493
2018-01-04,-0.0017303
2018-01-05,-0.0010959
2018-01-08,0.0023472
2018-01-09,0.0030082
2018-01-10,-0.0007606
2018-01-11,-0.0034559
2018-01-12,-0.0029398
2018-01-15,-0.0023856
2018-01-16,0.0005045
2018-01-17,0.0001039
2018-01-18,-0.0022898
2018-01-19,0.0020599
2018-01-22,-0.0006099
2018-01-23,-0.0020104
2018-01-24,-0.0060018
2018-01-25,0.0010261
2018-01-26,-0.0032351
2018-01-29,-0.0016869
2018-01-30,-0.0000091
2018-01-31,0.0007881
2018-02-01,0.0002226
2018-02-02,-0.0048585
2018-02-05,-0.0015292
2018-02-06,0.0011319
2018-02-07,-0.0021494
2018-02-08,-0.0027609
2018-02-09,0.0004155
2018-02-12,0.0034937
2018-02-13,0.0016270
2018-02-14,0.0060575
2018-02-15,0.0022465
2018-02-16,-0.0019919
2018-02-19,-0.0010365
2018-02-20,-0.0067885
2018-02-21,-0.0042843
2018-02-22,0.0030207
2018-02-23,-0.0014046
2018-02-26,0.0005086
2018-02-27,-0.0065899
2018-02-28,-0.0040004
2018-03-01,0.0024438
2018-03-02,0.0014724
2018-03-05,-0.0012139
2018-03-06,0.0027950
2018-03-07,-0.0001366
2018-03-08,-0.0031564
2018-03-09,0.0010783
2018-03-12,-0.0002892
2018-03-13,0.0003548
2018-03-14,-0.0004869
2018-03-15,-0.0011373
2018-03-16,-0.0004286
2018-03-19,0.0008846
2018-03-20,-0.0027735
2018-03-21,0.0007499
2018-03-22,0.0015515
2018-03-23,0.0012905
2018-03-26,-0.0011613
2018-03-27,0.0004210
2018-03-28,0.0006567
2018-03-29,-0.0001560
2018-04-02,0.0018056
2018-04-03,-0.0007284
2018-04-04,-0.0001936
2018-04-05,0.0004782
2018-04-06,-0.0007577
2018-04-09,-0.0010815
2018-04-10,-0.0007011
2018-04-11,-0.0000892
2018-04-12,0.0001586
2018-04-13,-0.0004513
2018-04-16,-0.0008869
2018-04-17,0.0011292
2018-04-18,0.0005144
2018-04-19,0.0004823
2018-04-20,0.0013473
2018-04-23,0.0024224
2018-04-24,-0.0009892
2018-04-25,-0.0004352
2018-04-26,0.0000313
2018-04-27,-0.0001875
2018-04-30,-0.0011357
2018-05-01,-0.0054175
2018-05-02,-0.0013679
2018-05-03,0.0027375
2018-05-04,-0.0000847
2018-05-07,-0.0024045
2018-05-08,-0.0046300
2018-05-09,0.0044028
2018-05-10,0.0060911
2018-05-11,-0.0007606
2018-05-14,-0.0032937
2018-05-15,-0.0093932
2018-05-16,0.0024626
2018-05-17,-0.0031196
2018-05-18,-0.0019267
2018-05-21,0.0025168
2018-05-22,-0.0003536
2018-05-23,-0.0000281
2018-05-24,-0.0013738
2018-05-25,-0.0003694
2018-05-28,0.0012257
2018-05-29,0.0040919
2018-05-30,-0.0057505
2018-05-31,-0.0005977
2018-06-01,0.0002082
2018-06-04,-0.0028820
2018-06-05,-0.0016089
2018-06-06,-0.0013140
2018-06-07,-0.0010306
2018-06-08,0.0017019
2018-06-11,-0.0002795
2018-06-12,0.0009555
2018-06-13,-0.0008035
2018-06-14,0.0089276
2018-06-15,-0.0005406
2018-06-18,0.0016343
2018-06-19,0.0007195
2018-06-20,0.0021242
2018-06-21,-0.0016954
2018-06-22,-0.0032561
2018-06-25,-0.0012641
2018-06-26,0.0011855
2018-06-27,0.0047277
2018-06-28,0.0007277
2018-06-29,-0.0029002
2018-07-02,0.0029376
2018-07-03,0.0009324
2018-07-04,0.0001083
2018-07-05,-0.0002003
2018-07-06,-0.0011425
2018-07-09,0.0011043
2018-07-10,-0.0005358
2018-07-11,-0.0035052
2018-07-12,-0.0000428
2018-07-13,-0.0013797
2018-07-16,0.0010283
2018-07-17,0.0040026
2018-07-18,0.0008626
2018-07-19,0.0044771
2018-07-20,-0.0085157
2018-07-23,0.0024286
2018-07-24,-0.0017459
2018-07-25,-0.0027425
2018-07-26,0.0013887
2018-07-27,-0.0011029
2018-07-30,-0.0019831
2018-07-31,0.0009458
2018-08-01,0.0002052
2018-08-02,0.0026944
2018-08-03,-0.0010160
2018-08-06,0.0006069
2018-08-07,-0.0000037
2018-08-08,-0.0011030
2018-08-09,0.0008370
2018-08-10,0.0007900
2018-08-13,-0.0003140
2018-08-14,-0.0000462
2018-08-15,-0.0008710
2018-08-16,0.0007009
2018-08-17,0.0002383
2018-08-20,-0.0004807
2018-08-21,0.0028147
2018-08-22,0.0003791
2018-08-23,-0.0017445
2018-08-24,0.0017913
2018-08-27,0.0019804
2018-08-28,0.0005655
2018-08-29,-0.0000212
2018-08-30,-0.0019521
2018-08-31,-0.0007563
2018-09-03,0.0002579
2018-09-04,0.0003785
2018-09-05,-0.0011591
2018-09-06,-0.0001452
2018-09-07,0.0019545
2018-09-10,-0.0003055
2018-09-11,-0.0017336
2018-09-12,-0.0027553
2018-09-13,-0.0024813
2018-09-14,0.0029177
2018-09-17,-0.0045429
2018-09-18,-0.0002419
2018-09-19,-0.0000489
2018-09-20,-0.0004250
2018-09-21,0.0007469
2018-09-24,-0.0007548
2018-09-25,-0.0001559
2018-09-26,-0.0011568
2018-09-27,0.0005832
2018-09-28,-0.0001502
2018-10-01,0.0004558
2018-10-02,0.0010665
2018-10-03,0.0028075
2018-10-04,0.0018737
2018-10-05,0.0007372
2018-10-08,0.0006144
2018-10-09,-0.0004930
2018-10-10,0.0028980
2018-10-11,0.0010136
2018-10-12,-0.0021089
2018-10-15,0.0002124
2018-10-16,-0.0010214
2018-10-17,-0.0042338
2018-10-18,-0.0031004
2018-10-19,0.0034164
2018-10-22,-0.0031884
2018-10-23,-0.0016731
2018-10-24,-0.0054957
2018-10-25,0.0001216
2018-10-26,-0.0007851
2018-10-29,-0.0025564
2018-10-30,0.0002686
2018-10-31,-0.0007778
2018-11-01,0.0041509
2018-11-02,0.0009938
2018-11-05,-0.0001747
2018-11-06,-0.0001582
2018-11-07,0.0003316
2018-11-08,-0.0003150
2018-11-09,-0.0013791
2018-11-12,-0.0013508
2018-11-13,0.0000284
2018-11-14,-0.0000384
2018-11-15,0.0007514
2018-11-16,0.0006279
2018-11-19,-0.0015758
2018-11-20,-0.0034429
2018-11-21,0.0001168
2018-11-22,0.0002689
2018-11-23,-0.0022423
2018-11-26,-0.0005692
2018-11-27,0.0015108
2018-11-28,-0.0043131
2018-11-29,-0.0005896
2018-11-30,0.0028170
2018-12-03,-0.0027147
2018-12-04,-0.0006172
2018-12-05,-0.0007182
2018-12-06,-0.0008293
2018-12-07,-0.0000036
2018-12-10,-0.0006321
2018-12-11,0.0009240
2018-12-12,-0.0016275
2018-12-13,-0.0004081
2018-12-14,0.0022763
2018-12-17,-0.0014571
2018-12-18,0.0020579
2018-12-19,-0.0020422
2018-12-20,0.0026915
2018-12-21,-0.0027448
2018-12-24,0.0015871
2018-12-26,-0.0005321
2018-12-27,-0.0007029
2018-12-28,-0.0007926
2018-12-31,-0.0007951
2019-01-02,-0.0079684
2019-01-03,0.0033386
2019-01-04,0.0013561
2019-01-07,0.0020578
2019-01-08,-0.0022670
2019-01-09,0.0041948
2019-01-10,-0.0020783
2019-01-11,0.0006608
2019-01-14,-0.0006239
2019-01-15,-0.0036874
2019-01-16,-0.0001494
2019-01-17,-0.0003404
2019-01-18,-0.0012062
2019-01-21,0.0002768
2019-01-22,0.0014781
2019-01-23,-0.0011219
2019-01-24,0.0000492
2019-01-25,-0.0001953
2019-01-28,0.0007639
2019-01-29,0.0005996
2019-01-30,-0.0014174
2019-01-31,-0.0006896
2019-02-01,-0.0007348
2019-02-04,-0.0001774
2019-02-05,-0.0000927
2019-02-06,0.0020675
2019-02-07,0.0017842
2019-02-08,0.0007502
2019-02-11,-0.0002499
2019-02-12,-0.0010354
2019-02-13,-0.0018157
2019-02-14,-0.0010334
2019-02-15,0.0018303
2019-02-18,0.0009557
2019-02-19,0.0025258
2019-02-20,-0.0000592
2019-02-21,-0.0032463
2019-02-22,0.0015882
2019-02-25,0.0002430
2019-02-26,0.0006180
2019-02-27,-0.0006449
2019-02-28,-0.0026510
2019-03-01,-0.0040569
2019-03-04,-0.0014313
2019-03-05,0.0004250
2019-03-06,-0.0014753
2019-03-07,-0.0002787
2019-03-08,0.0006910
2019-03-11,0.0024120
2019-03-12,0.0000035
2019-03-13,0.0025717
2019-03-14,0.0010293
2019-03-15,-0.0027659
2019-03-18,-0.0005604
2019-03-19,-0.0015002
2019-03-20,-0.0041608
2019-03-21,0.0017189
2019-03-22,0.0038852
2019-03-25,-0.0008555
2019-03-26,0.0020411
2019-03-27,0.0007248
2019-03-28,0.0010737
2019-03-29,0.0009395
2019-04-01,-0.0001887
2019-04-02,0.0006244
2019-04-03,-0.0026868
2019-04-04,0.0005098
2019-04-05,0.0002221
2019-04-08,-0.0027808
2019-04-09,-0.0000572
2019-04-10,-0.0008620
2019-04-11,-0.0002855
2019-04-12,-0.0006193
2019-04-15,-0.0005752
2019-04-16,-0.0005270
2019-04-17,-0.0006349
2019-04-18,-0.0008237
2019-04-22,-0.0002840
2019-04-23,-0.0007527
2019-04-24,-0.0000128
2019-04-25,-0.0017588
2019-04-26,0.0004722
2019-04-29,-0.0002774
2019-04-30,-0.0002243
2019-05-01,0.0001645
2019-05-02,-0.0006508
2019-05-03,-0.0001294
2019-05-06,-0.0002779
2019-05-07,-0.0003812
2019-05-08,-0.0006274
2019-05-09,-0.0001923
2019-05-10,-0.0026911
2019-05-13,0.0013458
2019-05-14,0.0008400
2019-05-15,0.0003987
2019-05-16,0.0014349
2019-05-17,0.0022715
2019-05-20,-0.0003118
2019-05-21,0.0006582
2019-05-22,0.0002767
2019-05-23,-0.0018076
2019-05-24,-0.0034377
2019-05-27,0.0015405
2019-05-28,0.0025300
2019-05-29,-0.0000145
2019-05-30,-0.0010720
2019-05-31,-0.0027851
2019-06-03,-0.0054784
2019-06-04,-0.0020025
2019-06-05,0.0006598
2019-06-06,-0.0027033
2019-06-07,-0.0015607
2019-06-10,0.0003888
2019-06-11,0.0009985
2019-06-12,-0.0001044
2019-06-13,0.0007067
2019-06-14,-0.0012491
2019-06-17,0.0002696
2019-06-18,0.0003184
2019-06-19,0.0009743
2019-06-20,-0.0006273
2019-06-21,0.0006913
2019-06-24,-0.0008598
2019-06-25,-0.0005089
2019-06-26,-0.0028701
2019-06-27,-0.0005533
2019-06-28,-0.0007021
2019-07-01,-0.0011736
2019-07-02,0.0002740
2019-07-03,-0.0023369
2019-07-04,0.0008169
2019-07-05,-0.0107466
2019-07-08,-0.0033681
2019-07-09,-0.0035040
2019-07-10,0.0061537
2019-07-11,0.0004507
2019-07-12,0.0036416
2019-07-15,0.0008273
2019-07-16,-0.0034614
2019-07-17,0.0013933
2019-07-18,0.0084603
2019-07-19,-0.0043289
2019-07-22,-0.0023061
2019-07-23,-0.0060647
2019-07-24,0.0021180
2019-07-25,-0.0049525
2019-07-26,-0.0047180
2019-07-29,-0.0012557
2019-07-30,-0.0031718
2019-07-31,-0.0068545
2019-08-01,-0.0022004
2019-08-02,-0.0021142
2019-08-05,-0.0007822
2019-08-06,-0.0009403
2019-08-07,0.0016106
2019-08-08,-0.0003778
2019-08-09,-0.0015074
2019-08-12,0.0002275
2019-08-13,-0.0001890
2019-08-14,0.0015381
2019-08-15,0.0010575
2019-08-16,-0.0009599
2019-08-19,0.0000294
2019-08-20,0.0018516
2019-08-21,-0.0006804
2019-08-22,0.0003064
2019-08-23,0.0022518
2019-08-26,0.0005216
2019-08-27,0.0012889
2019-08-28,-0.0002939
2019-08-29,-0.0001909
2019-08-30,0.0006910
2019-09-02,0.0003818
2019-09-03,-0.0016813
2019-09-04,-0.0060571
2019-09-05,-0.0033304
2019-09-06,-0.0035330
2019-09-09,-0.0013825
2019-09-10,0.0015293
2019-09-11,0.0016126
2019-09-12,-0.0012812
2019-09-13,-0.0031788
2019-09-16,0.0034997
2019-09-17,-0.0003397
2019-09-18,0.0026226
2019-09-19,-0.0001272
2019-09-20,0.0047604
2019-09-23,0.0026996
2019-09-24,-0.0046761
2019-09-25,0.0042834
2019-09-26,0.0018650
2019-09-27,-0.0013509
2019-09-30,-0.0010559
2019-10-01,0.0008334
2019-10-02,-0.0003112
2019-10-03,-0.0008736
2019-10-04,-0.0003285
2019-10-07,0.0003808
2019-10-08,0.0008417
2019-10-09,-0.0000787
2019-10-10,-0.0012824
2019-10-11,0.0003345
2019-10-14,0.0000697
2019-10-15,0.0005170
2019-10-16,0.0007719
2019-10-17,-0.0006416
2019-10-18,-0.0005044
2019-10-21,-0.0008278
2019-10-22,-0.0007273
2019-10-23,-0.0004902
2019-10-24,0.0013307
2019-10-25,-0.0006712
2019-10-28,-0.0000320
2019-10-29,0.0010284
2019-10-30,-0.0002108
2019-10-31,-0.0018223
2019-11-01,-0.0000994
2019-11-04,0.0009458
2019-11-05,0.0025879
2019-11-06,0.0000341
2019-11-07,0.0017731
2019-11-08,0.0004327
2019-11-11,-0.0001999
2019-11-12,-0.0001113
2019-11-13,-0.0005742
2019-11-14,-0.0008297
2019-11-15,0.0012269
2019-11-18,-0.0008099
2019-11-19,-0.0011409
2019-11-20,-0.0000116
2019-11-21,0.0007564
2019-11-22,-0.0021897
2019-11-25,0.0001147
2019-11-26,0.0002597
2019-11-27,-0.0011088
2019-11-28,0.0002281
2019-11-29,0.0015058
2019-12-02,0.0006917
2019-12-03,0.0016921
2019-12-04,-0.0005388
2019-12-05,0.0004917
2019-12-06,-0.0027845
2019-12-09,0.0005515
2019-12-10,0.0016930
2019-12-11,0.0009262
2019-12-12,-0.0011986
2019-12-13,0.0000133
2019-12-16,0.0007164
2019-12-17,-0.0007354
2019-12-18,-0.0020558
2019-12-19,-0.0003477
2019-12-20,0.0016832
2019-12-23,0.0003585
2019-12-24,-0.0002659
2019-12-26,-0.0029754
2019-12-27,-0.0052245
2019-12-30,-0.0016368
2019-12-31,-0.0025919
2020-01-02,-0.0009176
2020-01-03,0.0009269
2020-01-06,-0.0027004
2020-01-07,0.0038797
2020-01-08,0.0005430
2020-01-09,0.0021572
2020-01-10,-0.0008223
2020-01-13,-0.0006890
2020-01-14,-0.0015821
2020-01-15,-0.0008783
2020-01-16,0.0019361
2020-01-17,0.0029989
2020-01-20,-0.0011625
2020-01-21,0.0000632
2020-01-22,0.0000000
2020-01-23,0.0000000
2020-01-24,0.0000000
2020-01-27,0.0000000
2020-01-28,0.0000000
2020-01-29,0.0000000
2020-01-30,0.0000000
2020-01-31,0.0000000
2020-02-03,0.0000000
2020-02-04,0.0000000
2020-02-05,0.0000000
2020-02-06,0.0000000
2020-02-07,0.0000000
2020-02-10,0.0000000
2020-02-11,0.0000000
2020-02-12,0.0000000
2020-02-13,0.0000000
2020-02-14,0.0000000
2020-02-17,0.0000000
2020-02-18,-0.0000869
2020-02-19,-0.0002583
2020-02-20,-0.0002342
2020-02-21,-0.0013499
2020-02-24,-0.0002994
2020-02-25,0.0008209
2020-02-26,0.0000811
2020-02-27,0.0001612
2020-02-28,0.0013150
2020-03-02,0.0004039
2020-03-03,-0.0018164
2020-03-04,-0.0001937
2020-03-05,-0.0003524
2020-03-06,-0.0001486
2020-03-09,0.0020021
2020-03-10,0.0002556
2020-03-11,0.0001944
2020-03-12,0.0026219
2020-03-13,-0.0000646
2020-03-16,0.0013343
2020-03-17,-0.0020716
2020-03-18,-0.0036425
2020-03-19,-0.0003519
2020-03-20,0.0012723
2020-03-23,-0.0005940
2020-03-24,0.0011757
2020-03-25,0.0011001
2020-03-26,0.0011120
2020-03-27,0.0009821
2020-03-30,-0.0006796
2020-03-31,0.0001734
2020-04-01,-0.0008557
2020-04-02,0.0001076
2020-04-03,-0.0006425
2020-04-06,0.0009067
2020-04-07,0.0008894
2020-04-08,0.0002507
2020-04-09,0.0007305
2020-04-13,0.0004679
2020-04-14,0.0003911
2020-04-15,0.0002511
2020-04-16,0.0001456
2020-04-17,-0.0001067
2020-04-20,0.0001633
2020-04-21,0.0003832
2020-04-22,-0.0001217
2020-04-23,-0.0000323
2020-04-24,-0.0000620
2020-04-27,-0.0001713
2020-04-28,0.0000126
2020-04-29,-0.0001305
2020-04-30,-0.0003327
2020-05-01,0.0002764
2020-05-04,0.0001172
2020-05-05,0.0000223
2020-05-06,0.0002434
2020-05-07,-0.0000375
2020-05-08,-0.0001349
2020-05-11,0.0001872
2020-05-12,0.0002003
2020-05-13,-0.0006558
2020-05-14,0.0004521
2020-05-15,-0.0002202
2020-05-18,0.0018945
2020-05-19,0.0004589
2020-05-20,0.0008903
2020-05-21,-0.0007705
2020-05-22,-0.0003160
2020-05-25,0.0000767
2020-05-26,0.0016284
2020-05-27,-0.0000609
2020-05-28,0.0002088
2020-05-29,0.0004196
2020-06-01,0.0018876
2020-06-02,0.0008599
2020-06-03,0.0001408
2020-06-04,0.0003099
2020-06-05,0.0003640
2020-06-08,0.0008202
2020-06-09,-0.0008041
2020-06-10,-0.0000904
2020-06-11,0.0000000
2020-06-12,0.0000000
2020-06-15,0.0000000
2020-06-16,0.0000000
2020-06-17,0.0000000
2020-06-18,0.0000000
2020-06-19,0.0000000
2020-06-22,0.0000000
2020-06-23,0.0000000
2020-06-24,0.0000000
2020-06-25,0.0000000
2020-06-26,0.0000000
2020-06-29,0.0000000
2020-06-30,0.0000000
2020-07-01,0.0000000
2020-07-02,0.0000000
2020-07-03,0.0000000
2020-07-06,0.0000000
2020-07-07,0.0000000
2020-07-08,-0.0002689
2020-07-09,0.0000848
2020-07-10,-0.0002476
2020-07-13,0.0003221
2020-07-14,-0.0004697
2020-07-15,-0.0001551
2020-07-16,-0.0000793
2020-07-17,-0.0002111
2020-07-20,-0.0002896
2020-07-21,-0.0003544
2020-07-22,0.0002858
2020-07-23,0.0000435
2020-07-24,0.0001850
2020-07-27,-0.0003728
2020-07-28,0.0000979
2020-07-29,0.0000475
2020-07-30,0.0002748
2020-07-31,0.0001984
2020-08-03,-0.0004133
2020-08-04,-0.0000126
2020-08-05,-0.0051269
2020-08-06,-0.0002459
2020-08-07,0.0039565
2020-08-10,-0.0006999
2020-08-11,0.0043590
2020-08-12,-0.0031136
2020-08-13,-0.0027061
2020-08-14,0.0000654
2020-08-17,-0.0011891
2020-08-18,-0.0031463
2020-08-19,0.0058097
2020-08-20,-0.0021073
2020-08-21,0.0050412
2020-08-24,0.0003075
2020-08-25,-0.0012511
2020-08-26,-0.0004463
2020-08-27,0.0007308
2020-08-28,-0.0078817
2020-08-31,-0.0001104
2020-09-01,0.0008141
2020-09-02,-0.0012464
2020-09-03,-0.0009796
2020-09-04,-0.0000351
2020-09-07,-0.0006981
2020-09-08,-0.0019095
2020-09-09,0.0009140
2020-09-10,-0.0016416
2020-09-11,0.0002153
2020-09-14,-0.0003485
2020-09-15,-0.0001148
2020-09-16,-0.0001758
2020-09-17,-0.0008201
2020-09-18,-0.0006414
2020-09-21,-0.0019593
2020-09-22,-0.0005679
2020-09-23,-0.0008120
2020-09-24,0.0005346
2020-09-25,-0.0002167
2020-09-28,-0.0000009
2020-09-29,0.0004535
2020-09-30,-0.0001246
2020-10-01,-0.0012903
2020-10-02,0.0002629
2020-10-05,-0.0003878
2020-10-06,0.0009234
2020-10-07,-0.0003843
2020-10-08,-0.0002558
2020-10-09,-0.0018745
2020-10-12,0.0001815
2020-10-13,0.0019435
2020-10-14,-0.0002262
2020-10-15,0.0007989
2020-10-16,-0.0000952
2020-10-19,-0.0006527
2020-10-20,-0.0008253
2020-10-21,-0.0015288
2020-10-22,0.0011052
2020-10-23,-0.0005857
2020-10-26,0.0007274
2020-10-27,-0.0003949
2020-10-28,0.0003514
2020-10-29,0.0000000
2020-10-30,0.0000000
2020-11-02,0.0000000
2020-11-03,0.0000000
2020-11-04,0.0000000
2020-11-05,0.0000000
2020-11-06,0.0000000
2020-11-09,0.0000000
2020-11-10,0.0000000
2020-11-11,0.0000000
2020-11-12,0.0000000
2020-11-13,0.0000000
2020-11-16,0.0000000
2020-11-17,0.0000000
2020-11-18,0.0000000
2020-11-19,0.0000000
2020-11-20,0.0000000
2020-11-23,0.0000000
2020-11-24,0.0000000
2020-11-25,0.0000124
2020-11-26,0.0000266
2020-11-27,-0.0007960
2020-11-30,-0.0007594
2020-12-01,0.0020575
2020-12-02,0.0002910
2020-12-03,0.0001487
2020-12-04,0.0000275
2020-12-07,0.0005518
2020-12-08,0.0001567
2020-12-09,-0.0008089
2020-12-10,-0.0000403
2020-12-11,0.0000080
2020-12-14,-0.0002530
2020-12-15,0.0008067
2020-12-16,0.0006195
2020-12-17,0.0007489
2020-12-18,-0.0002058
2020-12-21,0.0001193
2020-12-22,-0.0008063
2020-12-23,-0.0019747
2020-12-24,-0.0004045
2020-12-28,0.0003811
2020-12-29,-0.0011798
2020-12-30,-0.0010002
2020-12-31,-0.0004638
2021-01-04,0.0010015
2021-01-05,-0.0024638
2021-01-06,-0.0005162
2021-01-07,0.0000645
2021-01-08,-0.0001401
2021-01-11,0.0022040
2021-01-12,-0.0017068
2021-01-13,0.0008913
2021-01-14,-0.0013166
2021-01-15,0.0021438
2021-01-18,0.0004118
2021-01-19,-0.0004001
2021-01-20,-0.0017420
2021-01-21,-0.0010904
2021-01-22,0.0003740
2021-01-25,0.0003646
2021-01-26,-0.0002742
2021-01-27,0.0015877
2021-01-28,-0.0009686
2021-01-29,-0.0016884
2021-02-01,0.0002972
2021-02-02,-0.0015796
2021-02-03,0.0000301
2021-02-04,0.0018292
2021-02-05,-0.0022940
2021-02-08,-0.0001497
2021-02-09,-0.0010585
2021-02-10,0.0006437
2021-02-11,0.0003610
2021-02-12,-0.0001608
2021-02-15,-0.0010690
2021-02-16,0.0015446
2021-02-17,0.0006533
2021-02-18,-0.0006605
2021-02-19,-0.0026606
2021-02-22,-0.0008516
2021-02-23,0.0008676
2021-02-24,-0.0014157
2021-02-25,0.0029480
2021-02-26,0.0071317
2021-03-01,0.0001140
2021-03-02,-0.0021401
2021-03-03,0.0021099
2021-03-04,0.0049932
2021-03-05,0.0027377
2021-03-08,0.0032380
2021-03-09,-0.0049216
2021-03-10,-0.0010149
2021-03-11,-0.0034273
2021-03-12,0.0014089
2021-03-15,0.0011465
2021-03-16,0.0001858
2021-03-17,-0.0035471
2021-03-18,0.0044086
2021-03-19,-0.0002681
2021-03-22,0.0000000
2021-03-23,0.0000000
2021-03-24,0.0000000
2021-03-25,0.0000000
2021-03-26,0.0000000
2021-03-29,0.0000000
2021-03-30,0.0000000
2021-03-31,0.0000000
2021-04-01,0.0000000
2021-04-05,0.0000000
2021-04-06,0.0000000
2021-04-07,0.0000000
2021-04-08,0.0000000
2021-04-09,0.0000000
2021-04-12,0.0000000
2021-04-13,0.0000000
2021-04-14,0.0000000
2021-04-15,0.0000000
2021-04-16,0.0000000
2021-04-19,0.0000000
2021-04-20,0.0000000
2021-04-21,0.0000000
2021-04-22,0.0000000
2021-04-23,0.0000000
2021-04-26,0.0000000
2021-04-27,0.0000000
2021-04-28,0.0000000
2021-04-29,0.0000000
2021-04-30,0.0000000
2021-05-03,0.0000000
2021-05-04,0.0000000
2021-05-05,0.0000000
2021-05-06,0.0000000
2021-05-07,0.0000000
2021-05-10,0.0000000
2021-05-11,0.0000000
2021-05-12,0.0000000
2021-05-13,0.0000000
2021-05-14,0.0000000
2021-05-17,0.0009226
2021-05-18,0.0017539
2021-05-19,-0.0018120
2021-05-20,0.0021328
2021-05-21,-0.0008995
2021-05-24,0.0009807
2021-05-25,0.0011595
2021-05-26,-0.0019188
2021-05-27,-0.0003520
2021-05-28,0.0000577
2021-05-31,0.0004099
2021-06-01,0.0004976
2021-06-02,0.0002521
2021-06-03,-0.0041075
2021-06-04,0.0025374
2021-06-07,0.0007747
2021-06-08,-0.0007899
2021-06-09,-0.0000601
2021-06-10,0.0008228
2021-06-11,-0.0024089
2021-06-14,-0.0002878
2021-06-15,-0.0001879
2021-06-16,-0.0006393
2021-06-17,-0.0010327
2021-06-18,-0.0001386
2021-06-21,0.0001813
2021-06-22,-0.0001726
2021-06-23,0.0001113
2021-06-24,0.0000408
2021-06-25,0.0001568
2021-06-28,-0.0000070
2021-06-29,-0.0003371
2021-06-30,0.0003729
2021-07-01,-0.0001079
2021-07-02,0.0003718
2021-07-05,0.0000513
2021-07-06,-0.0002963
2021-07-07,-0.0000309
2021-07-08,-0.0002069
2021-07-09,0.0001463
2021-07-12,0.0000008
2021-07-13,0.0017121
2021-07-14,-0.0016322
2021-07-15,0.0010476
2021-07-16,0.0007014
2021-07-19,0.0013049
2021-07-20,-0.0001194
2021-07-21,-0.0009435
2021-07-22,-0.0001842
2021-07-23,0.0004356
2021-07-26,-0.0003326
2021-07-27,-0.0002647
2021-07-28,-0.0015366
2021-07-29,-0.0025337
2021-07-30,0.0007473
2021-08-02,-0.0001605
2021-08-03,-0.0000668
2021-08-04,0.0003383
2021-08-05,-0.0003383
2021-08-06,0.0029632
2021-08-09,-0.0001937
2021-08-10,0.0005728
2021-08-11,0.0000033
2021-08-12,-0.0004544
2021-08-13,-0.0009740
2021-08-16,-0.0002691
2021-08-17,0.0004500
2021-08-18,-0.0007888
2021-08-19,0.0009586
2021-08-20,-0.0005751
2021-08-23,-0.0001452
2021-08-24,-0.0010035
2021-08-25,-0.0000804
2021-08-26,0.0002557
2021-08-27,-0.0001655
2021-08-30,-0.0007165
2021-08-31,-0.0007580
2021-09-01,-0.0010149
2021-09-02,0.0001897
2021-09-03,-0.0008190
2021-09-06,-0.0005524
2021-09-07,-0.0017207
2021-09-08,-0.0019023
2021-09-09,0.0005076
2021-09-10,-0.0000599
2021-09-13,-0.0002996
2021-09-14,-0.0000886
2021-09-15,0.0012354
2021-09-16,-0.0035829
2021-09-17,-0.0032691
2021-09-20,-0.0006906
2021-09-21,0.0010457
2021-09-22,-0.0025913
2021-09-23,0.0017497
2021-09-24,-0.0011614
2021-09-27,-0.0019904
2021-09-28,-0.0020268
2021-09-29,-0.0037675
2021-09-30,0.0012752
2021-10-01,0.0016301
2021-10-04,0.0007153
2021-10-05,-0.0002062
2021-10-06,-0.0014013
2021-10-07,0.0006422
2021-10-08,0.0002326
2021-10-11,-0.0000778
2021-10-12,-0.0003475
2021-10-13,0.0023172
2021-10-14,0.0014816
2021-10-15,0.0006122
2021-10-18,-0.0000639
2021-10-19,0.0022731
2021-10-20,0.0017612
2021-10-21,-0.0014793
2021-10-22,0.0000065
2021-10-25,0.0002147
2021-10-26,-0.0004315
2021-10-27,0.0000155
2021-10-28,0.0017197
2021-10-29,-0.0028109
2021-11-01,0.0002542
2021-11-02,-0.0007916
2021-11-03,-0.0003970
2021-11-04,0.0010767
2021-11-05,-0.0008542
2021-11-08,0.0009887
2021-11-09,-0.0003121
2021-11-10,0.0020982
2021-11-11,0.0008749
2021-11-12,0.0008137
2021-11-15,-0.0000487
2021-11-16,-0.0000785
2021-11-17,-0.0004231
2021-11-18,-0.0005343
2021-11-19,0.0021197
2021-11-22,0.0013371
2021-11-23,-0.0001926
2021-11-24,-0.0003575
2021-11-25,-0.0012246
2021-11-26,0.0007458
2021-11-29,-0.0003760
2021-11-30,0.0001929
2021-12-01,-0.0010725
2021-12-02,-0.0001205
2021-12-03,-0.0004527
2021-12-06,-0.0007307
2021-12-07,0.0005631
2021-12-08,0.0006593
2021-12-09,-0.0009698
2021-12-10,0.0005666
2021-12-13,-0.0002778
2021-12-14,-0.0011460
2021-12-15,0.0010919
2021-12-16,0.0016113
2021-12-17,-0.0022022
2021-12-20,-0.0000785
2021-12-21,0.0005100
2021-12-22,0.0017641
2021-12-23,0.0002183
2021-12-27,0.0003375
2021-12-28,0.0004267
2021-12-29,-0.0003298
2021-12-30,-0.0003669
2021-12-31,-0.0011237
2022-01-03,0.0027759
2022-01-04,-0.0009060
2022-01-05,0.0007019
2022-01-06,0.0028570
2022-01-07,-0.0002607
2022-01-10,0.0001852
2022-01-11,-0.0012853
2022-01-12,-0.0006241
2022-01-13,0.0000801
2022-01-14,0.0009970
2022-01-17,-0.0001255
2022-01-18,-0.0003803
2022-01-19,-0.0014038
2022-01-20,-0.0002079
2022-01-21,0.0010970
2022-01-24,-0.0002189
2022-01-25,-0.0005983
2022-01-26,-0.0008228
2022-01-27,-0.0022596
2022-01-28,-0.0008913
2022-01-31,0.0020215
2022-02-01,0.0016875
2022-02-02,0.0004286
2022-02-03,0.0018238
2022-02-04,-0.0014231
2022-02-07,0.0005884
2022-02-08,0.0005043
2022-02-09,0.0005156
2022-02-10,0.0003619
2022-02-11,-0.0016489
2022-02-14,-0.0008084
2022-02-15,0.0009273
2022-02-16,0.0011445
2022-02-17,-0.0002067
2022-02-18,-0.0006628
2022-02-21,0.0000117
2022-02-22,-0.0005201
2022-02-23,0.0015276
2022-02-24,0.0029399
2022-02-25,-0.0004890
2022-02-28,0.0034468
2022-03-01,0.0024268
2022-03-02,0.0003397
2022-03-03,0.0026591
2022-03-04,0.0033001
2022-03-07,0.0024297
2022-03-08,-0.0032572
2022-03-09,-0.0034568
2022-03-10,0.0007106
2022-03-11,0.0003302
2022-03-14,-0.0014814
2022-03-15,-0.0006102
2022-03-16,-0.0016322
2022-03-17,0.0000063
2022-03-18,0.0010769
2022-03-21,-0.0004758
2022-03-22,0.0000444
2022-03-23,0.0000000
2022-03-24,0.0000000
2022-03-25,0.0000000
2022-03-28,0.0000000
2022-03-29,0.0000000
2022-03-30,0.0000000
2022-03-31,0.0000000
2022-04-01,0.0000000
2022-04-04,0.0000000
2022-04-05,0.0000000
2022-04-06,0.0000000
2022-04-07,0.0000000
2022-04-08,0.0000000
2022-04-11,0.0000000
2022-04-12,0.0000000
2022-04-13,0.0000000
2022-04-14,0.0000000
2022-04-18,0.0000000
2022-04-19,0.0000000
2022-04-20,0.0000000
2022-04-21,0.0000000
2022-04-22,0.0000000
2022-04-25,0.0000000
2022-04-26,0.0000000
2022-04-27,0.0000000
2022-04-28,0.0000000
2022-04-29,0.0000000
2022-05-02,0.0000000
2022-05-03,0.0000000
2022-05-04,0.0000000
2022-05-05,0.0000000
2022-05-06,0.0000000
2022-05-09,0.0000000
2022-05-10,0.0000000
2022-05-11,0.0000000
2022-05-12,0.0000000
2022-05-13,0.0000000
2022-05-16,0.0000000
2022-05-17,0.0000000
2022-05-18,-0.0007952
2022-05-19,0.0010052
2022-05-20,0.0000736
2022-05-23,0.0015273
2022-05-24,-0.0000577
2022-05-25,-0.0017741
2022-05-26,0.0001826
2022-05-27,0.0002307
2022-05-30,0.0001901
2022-05-31,-0.0009486
2022-06-01,-0.0009645
2022-06-02,0.0014556
2022-06-03,-0.0003033
2022-06-06,0.0008950
2022-06-07,0.0000639
2022-06-08,-0.0015510
2022-06-09,-0.0009777
2022-06-10,-0.0019819
2022-06-13,-0.0024012
2022-06-14,-0.0008226
2022-06-15,0.0030289
2022-06-16,0.0046370
2022-06-17,-0.0032110
2022-06-20,-0.0011984
2022-06-21,-0.0000553
2022-06-22,0.0010590
2022-06-23,-0.0004195
2022-06-24,0.0002281
2022-06-27,-0.0003213
2022-06-28,-0.0020846
2022-06-29,-0.0020110
2022-06-30,0.0009540
2022-07-01,-0.0013031
2022-07-04,0.0003990
2022-07-05,-0.0021226
2022-07-06,-0.0014164
2022-07-07,-0.0004120
2022-07-08,0.0004280
2022-07-11,-0.0023789
2022-07-12,-0.0002552
2022-07-13,0.0010032
2022-07-14,-0.0021942
2022-07-15,0.0015441
2022-07-18,0.0009385
2022-07-19,0.0028735
2022-07-20,-0.0010609
2022-07-21,0.0014800
2022-07-22,0.0000008
2022-07-25,0.0007469
2022-07-26,-0.0008527
2022-07-27,0.0033912
2022-07-28,0.0018242
2022-07-29,0.0010780
2022-08-01,0.0012118
2022-08-02,-0.0036131
2022-08-03,0.0010379
2022-08-04,0.0008222
2022-08-05,-0.0025312
2022-08-08,0.0026792
2022-08-09,-0.0002476
2022-08-10,-0.0006438
2022-08-11,-0.0000751
2022-08-12,-0.0000244
2022-08-15,0.0003046
2022-08-16,0.0001943
2022-08-17,0.0001470
2022-08-18,0.0002790
2022-08-19,0.0001278
2022-08-22,0.0003057
2022-08-23,0.0000026
2022-08-24,0.0001404
2022-08-25,-0.0001943
2022-08-26,0.0001359
2022-08-29,0.0001338
2022-08-30,0.0003589
2022-08-31,0.0001975
2022-09-01,0.0002332
2022-09-02,-0.0000141
2022-09-05,-0.0001099
2022-09-06,0.0002759
2022-09-07,0.0004880
2022-09-08,-0.0005902
2022-09-09,0.0002740
2022-09-12,0.0002459
2022-09-13,-0.0004741
2022-09-14,0.0001975
2022-09-15,-0.0014086
2022-09-16,0.0008382
2022-09-19,-0.0000034
2022-09-20,-0.0005575
2022-09-21,0.0006539
2022-09-22,0.0007295
2022-09-23,-0.0011300
2022-09-26,-0.0002676
2022-09-27,0.0001091
2022-09-28,0.0002839
2022-09-29,-0.0001071
2022-09-30,0.0009369
2022-10-03,0.0029645
2022-10-04,0.0001072
2022-10-05,-0.0000052
2022-10-06,0.0000000
2022-10-07,0.0000000
2022-10-10,0.0000000
2022-10-11,0.0000000
2022-10-12,0.0000000
2022-10-13,0.0000000
2022-10-14,0.0000000
2022-10-17,0.0000000
2022-10-18,0.0000000
2022-10-19,0.0000000
2022-10-20,0.0000000
2022-10-21,0.0000000
2022-10-24,0.0000000
2022-10-25,0.0000000
2022-10-26,0.0000000
2022-10-27,0.0000000
2022-10-28,0.0000000
2022-10-31,0.0000000
2022-11-01,0.0000000
2022-11-02,-0.0006477
2022-11-03,0.0000682
2022-11-04,0.0023836
2022-11-07,-0.0002123
2022-11-08,0.0011901
2022-11-09,-0.0003254
2022-11-10,0.0014385
2022-11-11,0.0002999
2022-11-14,0.0001776
2022-11-15,-0.0001399
2022-11-16,-0.0001797
2022-11-17,-0.0005965
2022-11-18,-0.0002005
2022-11-21,-0.0003090
2022-11-22,0.0002013
2022-11-23,0.0005045
2022-11-24,0.0000753
2022-11-25,-0.0000461
2022-11-28,-0.0006377
2022-11-29,0.0003793
2022-11-30,0.0004929
2022-12-01,0.0003891
2022-12-02,0.0001958
2022-12-05,-0.0004760
2022-12-06,0.0000176
2022-12-07,0.0001667
2022-12-08,0.0001354
2022-12-09,0.0001596
2022-12-12,-0.0001545
2022-12-13,0.0004162
2022-12-14,-0.0000458
2022-12-15,-0.0005733
2022-12-16,0.0002051
2022-12-19,-0.0000975
2022-12-20,-0.0000960
2022-12-21,-0.0002798
2022-12-22,-0.0002651
2022-12-23,0.0001946
2022-12-27,-0.0000497
2022-12-28,0.0002022
2022-12-29,0.0000196
2022-12-30,0.0000000
2023-01-03,0.0000000
2023-01-04,0.0000000
2023-01-05,0.0000000
2023-01-06,0.0000000
2023-01-09,0.0000000
2023-01-10,0.0000000
2023-01-11,0.0000000
2023-01-12,0.0000000
2023-01-13,0.0000000
2023-01-16,0.0000000
2023-01-17,0.0000000
2023-01-18,0.0000000
2023-01-19,0.0000000
2023-01-20,0.0000000
2023-01-23,0.0000000
2023-01-24,0.0000000
2023-01-25,0.0000000
2023-01-26,0.0000000
2023-01-27,0.0005630
2023-01-30,0.0016417
2023-01-31,-0.0006532
2023-02-01,-0.0051185
2023-02-02,0.0023615
2023-02-03,0.0076716
2023-02-06,0.0040351
2023-02-07,-0.0024394
2023-02-08,-0.0008291
2023-02-09,-0.0004435
2023-02-10,0.0017659
2023-02-13,-0.0022499
2023-02-14,-0.0015006
2023-02-15,0.0032244
2023-02-16,0.0017372
2023-02-17,-0.0007391
2023-02-20,-0.0005089
2023-02-21,0.0020707
2023-02-22,0.0013135
2023-02-23,-0.0005267
2023-02-24,0.0000019
2023-02-27,-0.0007403
2023-02-28,0.0002127
2023-03-01,-0.0015907
2023-03-02,0.0009507
2023-03-03,0.0005115
2023-03-06,-0.0005658
2023-03-07,0.0008845
2023-03-08,-0.0001752
2023-03-09,0.0010494
2023-03-10,-0.0001773
2023-03-13,0.0020051
2023-03-14,-0.0008367
2023-03-15,0.0019394
2023-03-16,-0.0004015
2023-03-17,0.0004395
2023-03-20,-0.0007107
2023-03-21,-0.0013572
2023-03-22,-0.0008226
2023-03-23,-0.0005121
2023-03-24,0.0008789
2023-03-27,0.0002134
2023-03-28,-0.0016491
2023-03-29,-0.0002425
2023-03-30,-0.0007188
2023-03-31,0.0003326
2023-04-03,-0.0010396
2023-04-04,-0.0002837
2023-04-05,-0.0000520
2023-04-06,-0.0003769
2023-04-10,0.0004106
2023-04-11,-0.0000624
2023-04-12,-0.0012440
2023-04-13,-0.0008241
2023-04-14,0.0005330
2023-04-17,0.0003238
2023-04-18,-0.0004683
2023-04-19,0.0017340
2023-04-20,-0.0006084
2023-04-21,-0.0000913
2023-04-24,0.0005827
2023-04-25,-0.0009992
2023-04-26,-0.0001396
2023-04-27,0.0003744
2023-04-28,0.0000753
2023-05-01,-0.0004278
2023-05-02,0.0015124
2023-05-03,0.0010060
2023-05-04,0.0004338
2023-05-05,0.0000668
2023-05-08,0.0005324
2023-05-09,-0.0002335
2023-05-10,0.0003733
2023-05-11,-0.0017440
2023-05-12,-0.0019286
2023-05-15,0.0010681
2023-05-16,-0.0009710
2023-05-17,-0.0000691
2023-05-18,-0.0013461
2023-05-19,0.0010686
2023-05-22,-0.0008876
2023-05-23,-0.0005358
2023-05-24,0.0005766
2023-05-25,-0.0001791
2023-05-26,0.0006313
2023-05-29,-0.0002813
2023-05-30,0.0004884
2023-05-31,-0.0002297
2023-06-01,-0.0001756
2023-06-02,-0.0008554
2023-06-05,-0.0002673
2023-06-06,-0.0000702
2023-06-07,0.0003490
2023-06-08,-0.0003439
2023-06-09,-0.0008380
2023-06-12,0.0001885
2023-06-13,0.0008663
2023-06-14,-0.0007628
2023-06-15,-0.0001006
2023-06-16,0.0003774
2023-06-19,-0.0002815
2023-06-20,0.0001611
2023-06-21,-0.0007625
2023-06-22,-0.0002819
2023-06-23,0.0002720
2023-06-26,0.0000214
2023-06-27,0.0004074
2023-06-28,0.0009584
2023-06-29,-0.0006312
2023-06-30,-0.0003655
2023-07-03,0.0000517
2023-07-04,-0.0002140
2023-07-05,0.0008348
2023-07-06,0.0010092
2023-07-07,-0.0013501
2023-07-10,0.0000200
2023-07-11,-0.0004289
2023-07-12,-0.0003470
2023-07-13,-0.0003911
2023-07-14,0.0008281
2023-07-17,0.0000230
2023-07-18,-0.0004085
2023-07-19,0.0006096
2023-07-20,0.0007561
2023-07-21,0.0001863
2023-07-24,-0.0012943
2023-07-25,-0.0001645
2023-07-26,0.0014541
2023-07-27,0.0004765
2023-07-28,0.0015323
2023-07-31,-0.0012896
2023-08-01,0.0018779
2023-08-02,0.0017518
2023-08-03,0.0000275
2023-08-04,-0.0014414
2023-08-07,-0.0002910
2023-08-08,0.0018157
2023-08-09,-0.0006474
2023-08-10,0.0010748
2023-08-11,0.0007346
2023-08-14,-0.0004165
2023-08-15,-0.0004075
2023-08-16,-0.0005988
2023-08-17,0.0001209
2023-08-18,0.0000180
2023-08-21,0.0007900
2023-08-22,0.0003540
2023-08-23,0.0016933
2023-08-24,-0.0006164
2023-08-25,-0.0001446
2023-08-28,0.0001793
2023-08-29,0.0016231
2023-08-30,-0.0001158
2023-08-31,-0.0001349
2023-09-01,-0.0005632
2023-09-04,-0.0002039
2023-09-05,-0.0014132
2023-09-06,-0.0007928
2023-09-07,-0.0000999
2023-09-08,-0.0000363
2023-09-11,0.0011559
2023-09-12,-0.0002843
2023-09-13,-0.0001155
2023-09-14,-0.0011216
2023-09-15,-0.0003716
2023-09-18,0.0005749
2023-09-19,0.0002593
2023-09-20,-0.0005898
2023-09-21,-0.0005965
2023-09-22,-0.0000636
2023-09-25,-0.0006389
2023-09-26,-0.0010137
2023-09-27,-0.0013807
2023-09-28,0.0020059
2023-09-29,0.0003430
2023-10-02,-0.0025898
2023-10-03,-0.0011068
2023-10-04,0.0009031
2023-10-05,0.0017350
2023-10-06,0.0009530
2023-10-09,0.0009522
2023-10-10,0.0009986
2023-10-11,0.0006939
2023-10-12,-0.0052291
2023-10-13,0.0018124
2023-10-16,0.0017675
2023-10-17,0.0001448
2023-10-18,-0.0010558
2023-10-19,0.0015530
2023-10-20,0.0002992
2023-10-23,0.0016463
2023-10-24,-0.0017511
2023-10-25,-0.0018035
2023-10-26,0.0005577
2023-10-27,0.0008037
2023-10-30,0.0021111
2023-10-31,-0.0023913
2023-11-01,0.0008044
2023-11-02,0.0025077
2023-11-03,0.0053922
2023-11-06,-0.0003211
2023-11-07,-0.0007741
2023-11-08,0.0000743
2023-11-09,-0.0002825
2023-11-10,0.0006046
2023-11-13,0.0001140
2023-11-14,0.0011271
2023-11-15,0.0002894
2023-11-16,-0.0006245
2023-11-17,0.0006783
2023-11-20,0.0004845
2023-11-21,0.0000938
2023-11-22,-0.0003765
2023-11-23,-0.0000771
2023-11-24,0.0004169
2023-11-27,0.0001955
2023-11-28,0.0000850
2023-11-29,-0.0002043
2023-11-30,-0.0007620
2023-12-01,0.0006565
2023-12-04,0.0004538
2023-12-05,0.0003156
2023-12-06,-0.0001714
2023-12-07,-0.0009145
2023-12-08,0.0008024
2023-12-11,0.0004613
2023-12-12,-0.0008933
2023-12-13,-0.0021205
2023-12-14,-0.0004234
2023-12-15,0.0005800
2023-12-18,-0.0009402
2023-12-19,-0.0002757
2023-12-20,0.0005412
2023-12-21,-0.0014558
2023-12-22,-0.0010485
2023-12-26,-0.0001152
2023-12-27,-0.0009570
2023-12-28,0.0009136
2023-12-29,0.0015461
2024-01-02,0.0022063
2024-01-03,0.0012038
2024-01-04,-0.0003217
2024-01-05,-0.0001257
2024-01-08,-0.0006047
2024-01-09,0.0019094
2024-01-10,-0.0007624
2024-01-11,0.0006870
2024-01-12,-0.0005318
2024-01-15,0.0014856
2024-01-16,0.0055547
2024-01-17,0.0015370
2024-01-18,0.0002953
2024-01-19,-0.0019793
2024-01-22,0.0013949
2024-01-23,0.0011293
2024-01-24,-0.0009898
2024-01-25,-0.0003869
2024-01-26,-0.0002384
2024-01-29,-0.0005639
2024-01-30,-0.0012167
2024-01-31,0.0001912
2024-02-01,-0.0004781
2024-02-02,0.0013784
2024-02-05,0.0005668
2024-02-06,-0.0006121
2024-02-07,0.0004437
2024-02-08,0.0001668
2024-02-09,-0.0002658
2024-02-12,-0.0002698
2024-02-13,0.0016808
2024-02-14,-0.0005198
2024-02-15,-0.0005933
2024-02-16,-0.0001062
2024-02-19,0.0000428
2024-02-20,0.0001783
2024-02-21,-0.0002132
2024-02-22,0.0002140
2024-02-23,0.0001957
2024-02-26,-0.0000568
2024-02-27,-0.0000409
2024-02-28,-0.0010296
2024-02-29,0.0002598
2024-03-01,0.0004046
2024-03-04,0.0001716
2024-03-05,0.0006478
2024-03-06,0.0009794
2024-03-07,0.0001051
2024-03-08,0.0004204
2024-03-11,0.0003645
2024-03-12,-0.0017714
2024-03-13,0.0020910
2024-03-14,-0.0009549
2024-03-15,0.0007819
2024-03-18,-0.0016554
2024-03-19,0.0000715
2024-03-20,0.0015512
2024-03-21,-0.0013742
2024-03-22,-0.0014408
2024-03-25,0.0006403
2024-03-26,-0.0000627
2024-03-27,-0.0003639
2024-03-28,-0.0015868
2024-04-01,-0.0025972
2024-04-02,0.0010526
2024-04-03,0.0030190
2024-04-04,0.0006467
2024-04-05,-0.0004874
2024-04-08,0.0008629
2024-04-09,0.0011023
2024-04-10,-0.0069539
2024-04-11,0.0006930
2024-04-12,-0.0043352
2024-04-15,-0.0010099
2024-04-16,-0.0019901
2024-04-17,0.0015699
2024-04-18,-0.0010812
2024-04-19,-0.0000919
2024-04-22,0.0004312
2024-04-23,0.0019193
2024-04-24,-0.0009635
2024-04-25,0.0004934
2024-04-26,-0.0006158
2024-04-29,0.0009743
2024-04-30,-0.0020570
2024-05-01,0.0008571
2024-05-02,0.0007739
2024-05-03,0.0013200
2024-05-06,0.0001980
2024-05-07,-0.0011796
2024-05-08,-0.0000201
2024-05-09,0.0005544
2024-05-10,0.0001360
2024-05-13,0.0001104
2024-05-14,0.0002349
2024-05-15,0.0018132
2024-05-16,-0.0006724
2024-05-17,0.0000881
2024-05-20,-0.0003096
2024-05-21,0.0002522
2024-05-22,-0.0004811
2024-05-23,0.0011922
2024-05-24,-0.0007800
2024-05-27,-0.0008798
2024-05-28,-0.0004891
2024-05-29,0.0011051
2024-05-30,0.0000234
2024-05-31,0.0003803
2024-06-03,-0.0010386
2024-06-04,0.0013160
2024-06-05,-0.0009025
2024-06-06,-0.0013970
2024-06-07,0.0031461
2024-06-10,-0.0002914
2024-06-11,0.0005792
2024-06-12,-0.0010076
2024-06-13,0.0012645
2024-06-14,-0.0003812
2024-06-17,-0.0000654
2024-06-18,0.0001033
2024-06-19,0.0001034
2024-06-20,0.0008927
2024-06-21,0.0003786
2024-06-24,-0.0005575
2024-06-25,0.0001329
2024-06-26,0.0007238
2024-06-27,0.0003985
2024-06-28,-0.0002185
2024-07-01,0.0005740
2024-07-02,0.0000584
2024-07-03,-0.0005812
2024-07-04,-0.0004059
2024-07-05,-0.0005705
2024-07-08,0.0004090
2024-07-09,0.0003669
2024-07-10,0.0004032
2024-07-11,-0.0006705
2024-07-12,-0.0006297
2024-07-15,0.0003393
2024-07-16,-0.0004044
2024-07-17,-0.0015008
2024-07-18,0.0028607
2024-07-19,0.0017910
2024-07-22,0.0001508
2024-07-23,0.0016644
2024-07-24,0.0002537
2024-07-25,0.0001102
2024-07-26,-0.0014338
2024-07-29,0.0015749
2024-07-30,-0.0007245
2024-07-31,-0.0036358
2024-08-01,0.0018049
2024-08-02,-0.0045512
2024-08-05,-0.0012024
2024-08-06,-0.0001951
2024-08-07,0.0001970
2024-08-08,0.0001249
2024-08-09,-0.0017337
2024-08-12,-0.0001612
2024-08-13,-0.0030679
2024-08-14,0.0007464
2024-08-15,0.0011177
2024-08-16,-0.0011189
2024-08-19,-0.0005842
2024-08-20,-0.0011652
2024-08-21,-0.0001843
2024-08-22,0.0003659
2024-08-23,-0.0010045
2024-08-26,0.0000060
2024-08-27,-0.0006669
2024-08-28,0.0002501
2024-08-29,0.0005469
2024-08-30,0.0005597
2024-09-02,0.0003921
2024-09-03,-0.0005603
2024-09-04,-0.0008859
2024-09-05,-0.0003204
2024-09-06,-0.0005036
2024-09-09,0.0008540
2024-09-10,-0.0004398
2024-09-11,0.0004034
2024-09-12,0.0006338
2024-09-13,0.0005213
2024-09-16,0.0000368
2024-09-17,0.0005324
2024-09-18,-0.0001645
2024-09-19,0.0005267
2024-09-20,0.0003429
2024-09-23,0.0003131
2024-09-24,0.0003807
2024-09-25,-0.0008653
2024-09-26,0.0003441
2024-09-27,-0.0001410
2024-09-30,-0.0002337
2024-10-01,-0.0005135
2024-10-02,0.0014518
2024-10-03,-0.0003405
2024-10-04,0.0004376
2024-10-07,0.0000043
2024-10-08,-0.0002161
2024-10-09,-0.0003025
2024-10-10,-0.0000433
2024-10-11,0.0000616
2024-10-14,-0.0000713
2024-10-15,0.0000858
2024-10-16,-0.0005359
2024-10-17,0.0001302
2024-10-18,0.0002188
2024-10-21,-0.0003969
2024-10-22,-0.0000220
2024-10-23,-0.0003911
2024-10-24,0.0003228
2024-10-25,-0.0001002
2024-10-28,0.0000472
2024-10-29,0.0002402
2024-10-30,-0.0002867
2024-10-31,-0.0004694
2024-11-01,0.0001611
2024-11-04,0.0002485
2024-11-05,0.0005359
2024-11-06,-0.0010594
2024-11-07,-0.0000030
2024-11-08,0.0000000
2024-11-11,0.0000000
2024-11-12,0.0000000
2024-11-13,0.0000000
2024-11-14,0.0000000
2024-11-15,0.0000000
2024-11-18,0.0000000
2024-11-19,0.0000000
2024-11-20,0.0000000
2024-11-21,0.0000000
2024-11-22,0.0000000
2024-11-25,0.0000000
2024-11-26,0.0000000
2024-11-27,0.0000000
2024-11-28,0.0000000
2024-11-29,0.0000000
2024-12-02,0.0000000
2024-12-03,0.0000000
2024-12-04,0.0000000
2024-12-05,0.0008733
2024-12-06,0.0005659
2024-12-09,-0.0004408
2024-12-10,-0.0001989
2024-12-11,-0.0005162
2024-12-12,-0.0002445
2024-12-13,0.0002948
2024-12-16,0.0001648
2024-12-17,-0.0000113
2024-12-18,-0.0007756
2024-12-19,0.0005592
2024-12-20,0.0000879
2024-12-23,-0.0001193
2024-12-24,-0.0003476
2024-12-26,0.0008254
2024-12-27,-0.0002693
2024-12-30,-0.0004719
2024-12-31,-0.0004185
2025-01-02,-0.0012436
2025-01-03,0.0003963
2025-01-06,0.0017763
2025-01-07,-0.0008664
2025-01-08,-0.0010433
2025-01-09,-0.0009735
2025-01-10,-0.0019686
2025-01-13,0.0003299
2025-01-14,0.0009961
2025-01-15,-0.0000701
2025-01-16,0.0001690
2025-01-17,-0.0008461
2025-01-20,0.0038001
2025-01-21,0.0002748
2025-01-22,-0.0007211
2025-01-23,0.0004230
2025-01-24,0.0016970
2025-01-27,0.0001243
2025-01-28,-0.0015270
2025-01-29,-0.0003652
2025-01-30,-0.0007629
2025-01-31,-0.0006797
2025-02-03,0.0005419
2025-02-04,0.0009006
2025-02-05,0.0010491
2025-02-06,-0.0007445
2025-02-07,-0.0009076
2025-02-10,-0.0004661
2025-02-11,0.0011667
2025-02-12,-0.0001729
2025-02-13,0.0020627
2025-02-14,0.0011720
2025-02-17,0.0002984
2025-02-18,-0.0007334
2025-02-19,-0.0004200
2025-02-20,0.0022316
2025-02-21,-0.0012629
2025-02-24,-0.0000698
2025-02-25,0.0003745
2025-02-26,-0.0008853
2025-02-27,-0.0025083
2025-02-28,-0.0010183
2025-03-03,-0.0006152
2025-03-04,-0.0008669
2025-03-05,-0.0009610
2025-03-06,0.0004566
2025-03-07,-0.0009628
2025-03-10,0.0011251
2025-03-11,-0.0003606
2025-03-12,-0.0005129
2025-03-13,0.0004441
2025-03-14,-0.0004454
2025-03-17,-0.0006514
2025-03-18,-0.0001990
2025-03-19,0.0003818
2025-03-20,0.0003039
2025-03-21,-0.0005038
2025-03-24,0.0007214
2025-03-25,0.0002250
2025-03-26,0.0005450
2025-03-27,0.0003373
2025-03-28,0.0002047
2025-03-31,0.0017463
2025-04-01,-0.0020622
2025-04-02,-0.0047995
2025-04-03,-0.0020789
2025-04-04,0.0121156
2025-04-07,0.0054702
2025-04-08,-0.0024324
2025-04-09,-0.0052794
2025-04-10,-0.0028457
2025-04-11,-0.0020935
2025-04-14,-0.0004875
2025-04-15,0.0023129
2025-04-16,-0.0040235
2025-04-17,-0.0018348
2025-04-21,-0.0042900
2025-04-22,0.0027566
2025-04-23,0.0036988
2025-04-24,-0.0040719
2025-04-25,0.0013044
2025-04-28,-0.0036322
2025-04-29,0.0008207
2025-04-30,0.0007629
2025-05-01,0.0007591
2025-05-02,-0.0003411
2025-05-05,-0.0002410
2025-05-06,-0.0009856
2025-05-07,0.0010305
2025-05-08,0.0008309
2025-05-09,-0.0004099
2025-05-12,0.0017239
2025-05-13,-0.0014931
2025-05-14,0.0003624
2025-05-15,-0.0003498
2025-05-16,0.0003754
2025-05-19,-0.0010835
2025-05-20,-0.0005231
2025-05-21,-0.0006150
2025-05-22,0.0004575
2025-05-23,-0.0013083
2025-05-26,-0.0003333
2025-05-27,0.0025779
2025-05-28,0.0009620
2025-05-29,-0.0020975
2025-05-30,0.0001175
2025-06-02,-0.0028966
2025-06-03,0.0027160
2025-06-04,-0.0020601
2025-06-05,-0.0002859
2025-06-06,0.0016722
2025-06-09,-0.0012085
2025-06-10,-0.0002270
2025-06-11,-0.0015399
2025-06-12,-0.0031791
2025-06-13,0.0007743
2025-06-16,0.0001106
2025-06-17,0.0026499
2025-06-18,0.0005406
2025-06-19,-0.0001263
2025-06-20,0.0003034
2025-06-23,-0.0012256
2025-06-24,-0.0005972
2025-06-25,-0.0000100
2025-06-26,-0.0005281
2025-06-27,0.0002277
2025-06-30,-0.0004865
2025-07-01,0.0002720
2025-07-02,-0.0003955
2025-07-03,-0.0000398
2025-07-04,0.0000475
2025-07-07,0.0006756
2025-07-08,-0.0001815
2025-07-09,0.0001807
2025-07-10,-0.0002373
2025-07-11,0.0002472
2025-07-14,0.0001325
2025-07-15,0.0001406
2025-07-16,-0.0003361
2025-07-17,0.0005608
2025-07-18,-0.0002153
2025-07-21,-0.0003563
2025-07-22,-0.0000096
2025-07-23,0.0000000
2025-07-24,0.0000000
2025-07-25,0.0000000
2025-07-28,0.0000000
2025-07-29,0.0000000
2025-07-30,0.0000000
2025-07-31,0.0000000
2025-08-01,0.0000000
2025-08-04,0.0000000
2025-08-05,0.0000000
2025-08-06,0.0000000
2025-08-07,0.0000000
2025-08-08,0.0000000
2025-08-11,0.0000000
2025-08-12,0.0000000
2025-08-13,0.0000000
2025-08-14,0.0000000
2025-08-15,0.0000000
2025-08-18,0.0000000
2025-08-19,-0.0006665
2025-08-20,0.0002821
2025-08-21,0.0005036
2025-08-22,-0.0006627
2025-08-25,0.0010499
2025-08-26,-0.0004180
2025-08-27,-0.0000305
2025-08-28,0.0002737
2025-08-29,-0.0003854
2025-09-01,-0.0002314
2025-09-02,-0.0000270
2025-09-03,-0.0004437
2025-09-04,-0.0002422
2025-09-05,-0.0002704
2025-09-08,0.0002451
2025-09-09,0.0000283
2025-09-10,0.0000272
2025-09-11,-0.0006442
2025-09-12,-0.0003963
2025-09-15,-0.0001882
2025-09-16,-0.0000807
2025-09-17,-0.0000402
2025-09-18,-0.0000099
2025-09-19,0.0003201
2025-09-22,-0.0005618
2025-09-23,0.0003363
2025-09-24,0.0003563
2025-09-25,0.0001093
2025-09-26,-0.0005677
2025-09-29,0.0005250
2025-09-30,-0.0004574
2025-10-01,-0.0003831
2025-10-02,-0.0000071
2025-10-03,-0.0004302
2025-10-06,0.0002605
2025-10-07,0.0013316
2025-10-08,-0.0004494
2025-10-09,-0.0000248
2025-10-10,0.0001466
2025-10-13,-0.0000525
2025-10-14,0.0001556
2025-10-15,0.0000000
2025-10-16,0.0000000
2025-10-17,0.0000000
2025-10-20,0.0000000
2025-10-21,0.0000000
2025-10-23,0.0000000
2025-10-24,0.0000000
2025-10-27,0.0000000
2025-10-28,0.0000000
2025-10-29,0.0000000
2025-10-30,0.0000000
2025-10-31,0.0000000
2025-11-03,0.0000000
2025-11-04,0.0000000
2025-11-05,0.0000000
2025-11-06,0.0000000
2025-11-07,0.0000000
2025-11-10,0.0000000
2025-11-11,0.0000000
2025-11-12,-0.0000058
2025-11-13,-0.0005926
2025-11-14,0.0003147
2025-11-17,0.0007824
2025-11-18,-0.0004596
2025-11-19,-0.0004581
2025-11-20,0.0008143
2025-11-21,0.0000373
2025-11-24,-0.0001896
2025-11-25,-0.0002239
2025-11-26,0.0000183
2025-11-27,-0.0010213
2025-11-28,-0.0013591
2025-12-01,0.0007340
2025-12-02,-0.0003776
2025-12-03,-0.0009424
2025-12-04,0.0019935
2025-12-05,-0.0019043
2025-12-08,0.0021682
2025-12-09,-0.0014242
2025-12-10,0.0009766
2025-12-11,-0.0000818
2025-12-12,-0.0002315
2025-12-15,-0.0002531
2025-12-16,0.0003067
2025-12-17,-0.0004236
2025-12-18,0.0000266
2025-12-19,-0.0003524
2025-12-22,0.0012056
2025-12-23,0.0010876
2025-12-24,-0.0002457
2025-12-26,-0.0002099
2025-12-29,-0.0001679
2025-12-30,-0.0004926
2025-12-31,-0.0004745
2026-01-02,-0.0003400
2026-01-05,0.0002387
2026-01-06,-0.0002466
2026-01-07,-0.0000280
2026-01-08,0.0000562
2026-01-09,-0.0013753
2026-01-12,0.0003848
2026-01-13,-0.0019638
2026-01-14,-0.0000052
2026-01-15,-0.0012227
2026-01-16,0.0003141
2026-01-19,0.0006060
2026-01-20,0.0018984
2026-01-21,-0.0003480
2026-01-22,0.0019536
2026-01-23,0.0043977
2026-01-26,0.0020499
2026-01-27,0.0075027
2026-01-28,-0.0038144
2026-01-29,0.0011231
2026-01-30,-0.0026755
2026-02-02,-0.0017309
2026-02-03,0.0010482
2026-02-04,-0.0022881
2026-02-05,-0.0013885
2026-02-06,0.0000832
2026-02-09,0.0000000
2026-02-10,0.0000000
2026-02-11,0.0000000
2026-02-12,0.0000000
2026-02-13,0.0000000
2026-02-16,0.0000000
2026-02-17,0.0000000
2026-02-18,0.0000000
2026-02-19,0.0000000
2026-02-20,-0.0003119
2026-02-23,0.0004756
2026-02-24,-0.0001342
2026-02-25,0.0000140
2026-02-26,0.0000120
2026-02-27,-0.0003289
2026-03-02,-0.0003083
2026-03-03,0.0002396
2026-03-04,-0.0002426
2026-03-05,0.0003301
2026-03-06,-0.0009308
2026-03-09,0.0002121
2026-03-10,0.0001071
2026-03-11,-0.0001588
2026-03-12,0.0000908
2026-03-13,-0.0000993
2026-03-16,-0.0002207
2026-03-17,-0.0005574
2026-03-18,-0.0003078
2026-03-19,-0.0001678
2026-03-20,0.0004426
2026-03-23,0.0020475
2026-03-24,-0.0004043
2026-03-25,-0.0006043
2026-03-26,-0.0004879
2026-03-27,0.0001760
2026-03-30,-0.0005344
2026-03-31,0.0006874
2026-04-01,0.0006189
2026-04-02,-0.0004963
2026-04-06,-0.0000940
2026-04-07,0.0000000
2026-04-08,0.0000000
2026-04-09,0.0000000
2026-04-10,0.0000000
2026-04-13,0.0000000
2026-04-14,0.0000000
2026-04-15,0.0000000
2026-04-16,0.0000000
2026-04-17,0.0000000
2026-04-20,-0.0001471
2026-04-21,-0.0000940
2026-04-22,-0.0004922
2026-04-23,0.0001705
2026-04-24,-0.0000410
2026-04-27,-0.0001549
2026-04-28,0.0001749
2026-04-29,-0.0001089
2026-04-30,-0.0002323
2026-05-01,0.0001008
2026-05-04,-0.0005899
2026-05-05,-0.0001728
2026-05-06,0.0011180
2026-05-07,-0.0002412
2026-05-08,-0.0000075
2026-05-11,-0.0002552
2026-05-12,-0.0006095
2026-05-13,-0.0004825
2026-05-14,-0.0001060
2026-05-15,-0.0001207
2026-05-18,0.0002907
2026-05-19,-0.0009066
2026-05-20,0.0005875
2026-05-21,0.0000917
2026-05-22,-0.0003123
2026-05-25,0.0006217
2026-05-26,-0.0004716
2026-05-27,-0.0005699
2026-05-28,0.0003845
2026-05-29,0.0001533
2026-06-01,-0.0003254
2026-06-02,0.0000336
2026-06-03,-0.0006023
2026-06-04,0.0003686
2026-06-05,-0.0016428
2026-06-08,0.0000236
2026-06-09,-0.0007548
2026-06-10,-0.0012892
2026-06-11,0.0013656
2026-06-12,0.0001211
2026-06-15,0.0007235
2026-06-16,0.0001079
2026-06-17,-0.0003822
2026-06-18,-0.0002514
2026-06-19,-0.0002895
2026-06-22,0.0001978
2026-06-23,-0.0004440
2026-06-24,-0.0006337
2026-06-25,0.0001513
2026-06-26,0.0003734
2026-06-29,-0.0007504
2026-06-30,0.0001620
2026-07-01,0.0003901
2026-07-02,0.0006527
2026-07-03,0.0003388
2026-07-06,0.0003714
2026-07-07,-0.0002475
2026-07-08,0.0001454
2026-07-09,0.0005212
2026-07-10,-0.0004486
2026-07-13,-0.0000377
2026-07-14,0.0000000
2026-07-15,0.0000000
2026-07-16,0.0000000
2026-07-17,0.0000000
2026-07-20,0.0000000
2026-07-21,0.0000000
2026-07-22,0.0000000
2026-07-23,0.0000000
2026-07-24,0.0000000
2026-07-27,-0.0003060
2026-07-28,-0.0004744
2026-07-29,0.0003070
2026-07-30,0.0004589
2026-07-31,-0.0006353
2026-08-03,0.0001984
2026-08-04,0.0004017
2026-08-05,0.0014225
2026-08-06,-0.0001316
2026-08-07,0.0008778
2026-08-10,0.0011211
2026-08-11,-0.0002012
2026-08-12,0.0001812
2026-08-13,-0.0001411
2026-08-14,-0.0000574
2026-08-17,0.0002793
2026-08-18,-0.0003934
2026-08-19,-0.0000132
2026-08-20,0.0006190
2026-08-21,0.0000718
2026-08-24,-0.0002412
2026-08-25,0.0007853
2026-08-26,-0.0005937
2026-08-27,-0.0009121
2026-08-28,-0.0002192
2026-08-31,-0.0001401
2026-09-01,-0.0011352
2026-09-02,0.0002255
2026-09-03,0.0020198
2026-09-04,-0.0000047
2026-09-07,-0.0013383
2026-09-08,-0.0002936
2026-09-09,-0.0000664
2026-09-10,-0.0009549
2026-09-11,0.0003818
2026-09-14,-0.0008096
2026-09-15,0.0003519
2026-09-16,-0.0000608
2026-09-17,0.0012781
2026-09-18,0.0000688
2026-09-21,0.0012191
2026-09-22,-0.0000805
2026-09-23,-0.0026176
2026-09-24,-0.0006395
